2014-04-01,2014-10-01,2015-04-01,2015-10-01,2016-04-01,2016-10-01,2017-04-01,2017-10-01,2018-04-01,2018-10-01,2019-04-01,2019-10-01,2020-04-01,2020-10-01,2021-04-01,2021-10-01
AARTIIND,AARTIIND,AARTIIND,AARTIIND,8KMILES,8KMILES,8KMILES,8KMILES,8KMILES,8KMILES,ABB,ACC,ABB,ABB,ABB,ABB
ABAN,ABAN,ABAN,ABAN,AARTIDRUGS,AARTIIND,ABB,ABB,ABB,ABB,ACC,AIAENG,POWERINDIA,POWERINDIA,POWERINDIA,POWERINDIA
ABB,ABB,ABB,ABB,AARTIIND,ABAN,ACC,ACC,ACC,ACC,AIAENG,APLAPOLLO,ACC,ACC,ACC,ACC
ABGSHIP,ABGSHIP,ABGSHIP,ABGSHIP,ABAN,ABB,AIAENG,AIAENG,AIAENG,AIAENG,APLAPOLLO,AUBANK,AIAENG,AIAENG,AIAENG,AIAENG
ABIRLANUVO,ABIRLANUVO,ABIRLANUVO,ACC,ABB,ABFRL,APLAPOLLO,APLAPOLLO,APLAPOLLO,APLAPOLLO,AUBANK,AAVAS,APLAPOLLO,APLAPOLLO,APLAPOLLO,APLAPOLLO
ACC,ACC,ACC,ADANIPORTS,ABFRL,ABIRLANUVO,AARTIIND,AARTIIND,AUBANK,AUBANK,AAVAS,ABBOTINDIA,AUBANK,AUBANK,AUBANK,AUBANK
ADANIENT,ADANIENT,ADANIENT,ADANIPOWER,ABGSHIP,ACC,ABAN,ABAN,AARTIIND,AARTIIND,ADANIGREEN,ADANIGAS,AARTIDRUGS,AARTIDRUGS,AARTIDRUGS,AARTIDRUGS
ADANIPORTS,ADANIPORTS,ADANIPORTS,ADLABS,ACC,ADANIENT,ADANIENT,ADANIENT,ABAN,ADANIPORTS,ADANIPORTS,ADANIGREEN,AARTIIND,AARTIIND,AARTIIND,AARTIIND
ADANIPOWER,ADVANTA,ADVANTA,ADVANTA,ADANIENT,ADANIPORTS,ADANIPORTS,ADANIPORTS,ADANIPORTS,ADANIPOWER,ADANIPOWER,ADANIPORTS,AAVAS,AAVAS,AAVAS,AAVAS
ADVANTA,AIAENG,AIAENG,AIAENG,ADANIPORTS,ADANIPOWER,ADANIPOWER,ADANIPOWER,ADANIPOWER,ADANITRANS,ADANITRANS,ADANIPOWER,ABBOTINDIA,ABBOTINDIA,ABBOTINDIA,ABBOTINDIA
AIAENG,AIL,AIL,AIL,ADANIPOWER,ADANITRANS,ADANITRANS,ADANITRANS,ADANITRANS,ABCAPITAL,ABCAPITAL,ADANITRANS,ADANIENT,ADANIENT,ADANIENT,ADANIENT
AIL,AJANTPHARM,AJANTPHARM,AJANTPHARM,ADANITRANS,AEGISCHEM,ABFRL,ABFRL,ABCAPITAL,ABFRL,ABFRL,ABCAPITAL,ADANIGAS,ADANIGAS,ADANIGREEN,ADANIGREEN
AKZOINDIA,AKZOINDIA,AKZOINDIA,AKZOINDIA,AEGISCHEM,AHLUCONT,ADVENZYMES,ADVENZYMES,ABFRL,ADVENZYMES,ADVENZYMES,ABFRL,ADANIGREEN,ADANIGREEN,ADANIPORTS,ADANIPORTS
ALBK,ALBK,ALBK,ALBK,AHLUCONT,AIAENG,AEGISCHEM,AEGISCHEM,ADVENZYMES,AEGISCHEM,AEGISCHEM,ADVENZYMES,ADANIPORTS,ADANIPORTS,ATGL,ATGL
ALLCARGO,ALLCARGO,ALLCARGO,ALLCARGO,AIAENG,AJANTPHARM,AHLUCONT,AHLUCONT,AEGISCHEM,AJANTPHARM,AJANTPHARM,AEGISCHEM,ADANITRANS,ADANITRANS,ADANITRANS,ADANITRANS
ALOKTEXT,ALOKTEXT,ALOKTEXT,ALOKTEXT,AIL,AKZOINDIA,AJANTPHARM,AJANTPHARM,AJANTPHARM,AKZOINDIA,AKZOINDIA,AJANTPHARM,ABCAPITAL,ABCAPITAL,ABCAPITAL,ABCAPITAL
ALSTOMT&D,ALSTOMT&D,ALSTOMT&D,ALSTOMT&D,AJANTPHARM,ALBK,AKZOINDIA,AKZOINDIA,AKZOINDIA,APLLTD,APLLTD,AKZOINDIA,ABFRL,ABFRL,ABFRL,ABFRL
AMARAJABAT,AMARAJABAT,AMARAJABAT,AMARAJABAT,AKZOINDIA,ALKEM,APLLTD,APLLTD,APLLTD,ALKEM,ALKEM,APLLTD,ADVENZYMES,ADVENZYMES,ADVENZYMES,ADVENZYMES
AMBUJACEM,AMBUJACEM,AMBUJACEM,AMBUJACEM,ALBK,ALLCARGO,ALKEM,ALKEM,ALKEM,ALBK,ALBK,ALKEM,AEGISCHEM,AEGISCHEM,AEGISCHEM,AEGISCHEM
AMTEKAUTO,AMTEKAUTO,AMTEKAUTO,AMTEKAUTO,ALLCARGO,ALOKTEXT,ALBK,ALBK,ALBK,ALLCARGO,ALLCARGO,ALBK,AFFLE,AFFLE,AFFLE,AFFLE
AMTEKINDIA,AMTEKINDIA,AMTEKINDIA,ANANTRAJ,ALOKTEXT,AMARAJABAT,ALLCARGO,ALLCARGO,ALLCARGO,AMARAJABAT,AMARAJABAT,ALLCARGO,AJANTPHARM,AJANTPHARM,AJANTPHARM,AJANTPHARM
ANANTRAJ,ANANTRAJ,ANANTRAJ,ANDHRABANK,ALSTOMT&D,AMBUJACEM,AMARAJABAT,AMARAJABAT,AMARAJABAT,AMBUJACEM,AMBUJACEM,AMARAJABAT,AKZOINDIA,AKZOINDIA,ALEMBICLTD,ALEMBICLTD
ANDHRABANK,ANDHRABANK,ANDHRABANK,APARINDS,AMARAJABAT,AMTEKAUTO,AMBUJACEM,AMBUJACEM,AMBUJACEM,ANDHRABANK,ANDHRABANK,AMBER,ALEMBICLTD,ALEMBICLTD,APLLTD,APLLTD
ANSALAPI,ANSALAPI,ANSALAPI,APLLTD,AMBUJACEM,ANANTRAJ,ANDHRABANK,ANDHRABANK,ANDHRABANK,APOLLOHOSP,APOLLOHOSP,AMBUJACEM,APLLTD,APLLTD,ALKEM,ALKEM
APOLLOHOSP,APARINDS,APARINDS,APOLLOHOSP,AMTEKAUTO,ANDHRABANK,APARINDS,APARINDS,APOLLOHOSP,APOLLOTYRE,APOLLOTYRE,ANDHRABANK,ALKEM,ALKEM,ALKYLAMINE,ALKYLAMINE
APOLLOTYRE,APLLTD,APLLTD,APOLLOTYRE,ANANTRAJ,APARINDS,APOLLOHOSP,APOLLOHOSP,APOLLOTYRE,ASHOKLEY,ASHOKLEY,APOLLOHOSP,ALKYLAMINE,ALKYLAMINE,ALOKINDS,ALOKINDS
APTECHT,APOLLOHOSP,APOLLOHOSP,ASAHIINDIA,ANDHRABANK,APLAPOLLO,APOLLOTYRE,APOLLOTYRE,ARVIND,ASHOKA,ASHOKA,APOLLOTYRE,ALLCARGO,ALLCARGO,AMARAJABAT,AMARAJABAT
ARVIND,APOLLOTYRE,APOLLOTYRE,ASHOKA,APARINDS,APLLTD,ARVIND,ARVIND,ASAHIINDIA,ASIANPAINT,ASIANPAINT,ARVINDFASN,ALOKINDS,ALOKINDS,AMBER,AMBER
ASAHIINDIA,ARVIND,ASAHIINDIA,ASHOKLEY,APLLTD,APOLLOHOSP,ASHOKLEY,ASHOKLEY,ASHOKLEY,ASTERDM,ASTERDM,ASHOKLEY,AMARAJABAT,AMARAJABAT,AMBUJACEM,AMBUJACEM
ASHOKLEY,ASAHIINDIA,ASHOKA,ASIANPAINT,APOLLOHOSP,APOLLOTYRE,ASHOKA,ASHOKA,ASHOKA,ASTRAL,ASTRAZEN,ASHOKA,AMBER,AMBER,ANGELBRKG,ANGELBRKG
ASIANPAINT,ASHOKA,ASHOKLEY,ASTRAL,APOLLOTYRE,ARVIND,ASIANPAINT,ASIANPAINT,ASIANPAINT,ATUL,ASTRAL,ASIANPAINT,AMBUJACEM,AMBUJACEM,ANURAS,ANURAS
ASTRAZEN,ASHOKLEY,ASIANPAINT,ASTRAZEN,ARVIND,ASHOKA,ASTRAZEN,ASTRAZEN,ASTRAL,AUROPHARMA,ATUL,ASTERDM,APOLLOHOSP,APOLLOHOSP,APOLLOHOSP,APOLLOHOSP
ATFL,ASIANPAINT,ASTRAL,ATFL,ASHIANA,ASHOKLEY,ASTRAL,ASTRAL,ATUL,AVANTIFEED,AUROPHARMA,ASTRAZEN,APOLLOTYRE,APOLLOTYRE,APOLLOTYRE,APOLLOTYRE
ATUL,ASTRAL,ASTRAZEN,ATUL,ASHOKA,ASIANPAINT,ATUL,ATUL,AUROPHARMA,DMART,AVANTIFEED,ASTRAL,ASHOKLEY,ASHOKLEY,ASAHIINDIA,ASAHIINDIA
AUROPHARMA,ASTRAZEN,ATFL,AUROPHARMA,ASHOKLEY,ASTRAL,AUROPHARMA,AUROPHARMA,AVANTIFEED,AXISBANK,DMART,ATUL,ASHOKA,ASHOKA,ASHOKLEY,ASHOKLEY
AUTOAXLES,ATFL,ATUL,AUTOAXLES,ASIANPAINT,ASTRAZEN,AVANTIFEED,AVANTIFEED,DMART,BASF,AXISBANK,AUROPHARMA,ASIANPAINT,ASIANPAINT,ASHOKA,ASHOKA
AXISBANK,ATUL,AUROPHARMA,AXISBANK,ASTRAL,ATUL,DMART,DMART,AXISBANK,BEML,BASF,AVANTIFEED,ASTERDM,ASTERDM,ASIANPAINT,ASIANPAINT
BAJAJ-AUTO,AUROPHARMA,AUTOAXLES,BAJAJ-AUTO,ASTRAZEN,AUROPHARMA,AXISBANK,AXISBANK,BASF,BSE,BEML,DMART,ASTRAZEN,ASTRAZEN,ASTERDM,ASTERDM
BAJAJCORP,AUTOAXLES,AXISBANK,BAJAJCORP,ATUL,AVANTIFEED,BASF,BASF,BEML,BAJAJ-AUTO,BSE,AXISBANK,ASTRAL,ASTRAL,ASTRAZEN,ASTRAZEN
BAJAJELEC,AXISBANK,BAJAJ-AUTO,BAJAJELEC,AUROPHARMA,AXISBANK,BEML,BEML,BFUTILITIE,BAJAJCORP,BAJAJ-AUTO,BASF,ATUL,ATUL,ASTRAL,ASTRAL
BAJAJFINSV,BAJAJ-AUTO,BAJAJCORP,BAJAJFINSV,AVANTIFEED,BAJAJ-AUTO,BFUTILITIE,BFUTILITIE,BGRENERGY,BAJAJELEC,BAJAJCON,BEML,AUROPHARMA,AUROPHARMA,ATUL,ATUL
BAJAJHIND,BAJAJCORP,BAJAJELEC,BAJAJHIND,AXISBANK,BAJAJCORP,BGRENERGY,BGRENERGY,BSE,BAJFINANCE,BAJAJELEC,BSE,AVANTIFEED,AVANTIFEED,AUROPHARMA,AUROPHARMA
BAJAJHLDNG,BAJAJELEC,BAJAJFINSV,BAJAJHLDNG,BAJAJ-AUTO,BAJAJELEC,BSE,BSE,BAJAJ-AUTO,BAJAJFINSV,BAJFINANCE,BAJAJ-AUTO,DMART,DMART,AVANTIFEED,AVANTIFEED
BAJFINANCE,BAJAJFINSV,BAJAJHIND,BAJFINANCE,BAJAJCORP,BAJAJFINSV,BAJAJ-AUTO,BAJAJ-AUTO,BAJAJCORP,BAJAJHLDNG,BAJAJFINSV,BAJAJCON,AXISBANK,AXISBANK,DMART,DMART
BALKRISIND,BAJAJHIND,BAJAJHLDNG,BALKRISIND,BAJAJELEC,BAJAJHIND,BAJAJCORP,BAJAJCORP,BAJAJELEC,BALKRISIND,BAJAJHLDNG,BAJAJELEC,BASF,BASF,AXISBANK,AXISBANK
BALLARPUR,BAJAJHLDNG,BAJFINANCE,BALLARPUR,BAJAJFINSV,BAJAJHLDNG,BAJAJELEC,BAJAJELEC,BAJFINANCE,BALMLAWRIE,BALKRISIND,BAJFINANCE,BEML,BEML,BASF,BASF
BALMLAWRIE,BAJFINANCE,BALLARPUR,BALMLAWRIE,BAJAJHIND,BAJFINANCE,BAJFINANCE,BAJFINANCE,BAJAJFINSV,BALRAMCHIN,BALMLAWRIE,BAJAJFINSV,BSE,BSE,BEML,BEML
BALRAMCHIN,BALKRISIND,BALMLAWRIE,BALRAMCHIN,BAJAJHLDNG,BALKRISIND,BAJAJFINSV,BAJAJFINSV,BAJAJHIND,BANDHANBNK,BALRAMCHIN,BAJAJHLDNG,BAJAJ-AUTO,BAJAJ-AUTO,BSE,BSE
BANKBARODA,BALLARPUR,BALRAMCHIN,BANKBARODA,BAJFINANCE,BALLARPUR,BAJAJHIND,BAJAJHIND,BAJAJHLDNG,BANKBARODA,BANDHANBNK,BALKRISIND,BAJAJCON,BAJAJCON,BAJAJ-AUTO,BAJAJ-AUTO
BANKINDIA,BALMLAWRIE,BANKBARODA,BANKINDIA,BALKRISIND,BALMLAWRIE,BAJAJHLDNG,BAJAJHLDNG,BALKRISIND,BANKINDIA,BANKBARODA,BALMLAWRIE,BAJAJELEC,BAJAJELEC,BAJAJCON,BAJAJCON
BASF,BALRAMCHIN,BANKINDIA,BASF,BALLARPUR,BALRAMCHIN,BALKRISIND,BALKRISIND,BALLARPUR,BATAINDIA,BANKINDIA,BALRAMCHIN,BAJFINANCE,BAJFINANCE,BAJAJELEC,BAJAJELEC
BATAINDIA,BANKBARODA,BASF,BATAINDIA,BALMLAWRIE,BANKBARODA,BALLARPUR,BALLARPUR,BALMLAWRIE,BERGEPAINT,MAHABANK,BANDHANBNK,BAJAJFINSV,BAJAJFINSV,BAJFINANCE,BAJFINANCE
BBTC,BANKINDIA,BATAINDIA,BBTC,BALRAMCHIN,BANKINDIA,BALMLAWRIE,BALMLAWRIE,BALRAMCHIN,BDL,BATAINDIA,BANKBARODA,BAJAJHLDNG,BAJAJHLDNG,BAJAJFINSV,BAJAJFINSV
BEL,BASF,BBTC,BEL,BANKBARODA,BASF,BALRAMCHIN,BALRAMCHIN,BANKBARODA,BEL,BERGEPAINT,BANKINDIA,BALKRISIND,BALKRISIND,BAJAJHLDNG,BAJAJHLDNG
BEML,BATAINDIA,BEL,BEML,BANKINDIA,BATAINDIA,BANKBARODA,BANKBARODA,BANKINDIA,BHARATFIN,BDL,MAHABANK,BALMLAWRIE,BALMLAWRIE,BALAMINES,BALAMINES
BERGEPAINT,BBTC,BEML,BERGEPAINT,BASF,BBTC,BANKINDIA,BANKINDIA,BATAINDIA,BHARATFORG,BEL,BATAINDIA,BALRAMCHIN,BALRAMCHIN,BALKRISIND,BALKRISIND
BFUTILITIE,BEL,BERGEPAINT,BFUTILITIE,BATAINDIA,BEL,BATAINDIA,BATAINDIA,BERGEPAINT,BHEL,BHARATFORG,BAYERCROP,BANDHANBNK,BANDHANBNK,BALRAMCHIN,BALRAMCHIN
BGRENERGY,BEML,BFUTILITIE,BHARATFORG,BBTC,BEML,BERGEPAINT,BERGEPAINT,BEL,BPCL,BHEL,BERGEPAINT,BANKBARODA,BANKBARODA,BANDHANBNK,BANDHANBNK
BHARATFORG,BERGEPAINT,BGRENERGY,BHARTIARTL,BEL,BERGEPAINT,BEL,BEL,BHARATFIN,BHARTIARTL,BPCL,BDL,BANKINDIA,BANKINDIA,BANKBARODA,BANKBARODA
BHARTIARTL,BFUTILITIE,BHARATFORG,BHEL,BEML,BFUTILITIE,BHARATFIN,BHARATFIN,BHARATFORG,INFRATEL,BHARTIARTL,BEL,MAHABANK,MAHABANK,BANKINDIA,BANKINDIA
BHEL,BGRENERGY,BHARTIARTL,BHUSANSTL,BERGEPAINT,BGRENERGY,BHARATFORG,BHARATFORG,BHEL,BIOCON,INFRATEL,BHARATFORG,BATAINDIA,BATAINDIA,MAHABANK,MAHABANK
BHUSANSTL,BHARATFORG,BHEL,BINDALAGRO,BFUTILITIE,BHARATFIN,BHEL,BHEL,BPCL,BIRLACORPN,BIOCON,BHEL,BAYERCROP,BAYERCROP,BATAINDIA,BATAINDIA
BINDALAGRO,BHARTIARTL,BHUSANSTL,BIOCON,BGRENERGY,BHARATFORG,BPCL,BPCL,BHARTIARTL,BLISSGVS,BIRLACORPN,BPCL,BERGEPAINT,BERGEPAINT,BAYERCROP,BAYERCROP
BIOCON,BHEL,BINDALAGRO,BIRLACORPN,BHARATFORG,BHARTIARTL,BHARTIARTL,BHARTIARTL,INFRATEL,BLUEDART,BLISSGVS,BHARTIARTL,BDL,BDL,BERGEPAINT,BERGEPAINT
BIRLACORPN,BHUSANSTL,BIOCON,BLUEDART,BHARTIARTL,BHEL,INFRATEL,INFRATEL,BHUSANSTL,BLUESTARCO,BLUEDART,INFRATEL,BEL,BEL,BDL,BDL
BLUEDART,BINDALAGRO,BIRLACORPN,BLUESTARCO,BHEL,BHUSANSTL,BHUSANSTL,BHUSANSTL,BIOCON,BBTC,BLUESTARCO,BIOCON,BHARATFORG,BHARATFORG,BEL,BEL
BLUESTARCO,BIOCON,BLUEDART,BOMDYEING,BHUSANSTL,BIOCON,BIOCON,BIOCON,BIRLACORPN,BOMDYEING,BBTC,BIRLACORPN,BHEL,BHEL,BHARATFORG,BHARATFORG
BOMDYEING,BIRLACORPN,BLUESTARCO,BOSCHLTD,BIOCON,BIRLACORPN,BIRLACORPN,BIRLACORPN,BLISSGVS,BOSCHLTD,BOMDYEING,BSOFT,BPCL,BPCL,BHEL,BHEL
BOSCHLTD,BLUEDART,BOMDYEING,BPCL,BIRLACORPN,BLISSGVS,BLISSGVS,BLISSGVS,BLUEDART,BRIGADE,BOSCHLTD,BLISSGVS,BHARATRAS,BHARATRAS,BPCL,BPCL
BPCL,BLUESTARCO,BOSCHLTD,BRIGADE,BLISSGVS,BLUEDART,BLUEDART,BLUEDART,BLUESTARCO,BRITANNIA,BRIGADE,BLUEDART,BHARTIARTL,BHARTIARTL,BHARATRAS,BHARATRAS
BRIGADE,BOMDYEING,BPCL,BRITANNIA,BLUEDART,BLUESTARCO,BLUESTARCO,BLUESTARCO,BBTC,CARERATING,BRITANNIA,BLUESTARCO,INFRATEL,INFRATEL,BHARTIARTL,BHARTIARTL
BRITANNIA,BOSCHLTD,BRIGADE,CADILAHC,BLUESTARCO,BOMDYEING,BBTC,BBTC,BOMDYEING,CCL,CARERATING,BBTC,BIOCON,BIOCON,BIOCON,BIOCON
CADILAHC,BPCL,BRITANNIA,CAIRN,BOMDYEING,BOSCHLTD,BOMDYEING,BOMDYEING,BRFL,CGPOWER,CCL,BOMDYEING,BIRLACORPN,BIRLACORPN,BIRLACORPN,BIRLACORPN
CAIRN,BRIGADE,CADILAHC,CAMLINFINE,BOSCHLTD,BPCL,BRFL,BRFL,BOSCHLTD,CRISIL,CESC,BOSCHLTD,BSOFT,BSOFT,BSOFT,BSOFT
CANBK,BRITANNIA,CAIRN,CANBK,BPCL,BRFL,BOSCHLTD,BOSCHLTD,BRIGADE,CADILAHC,CGPOWER,BRIGADE,BLISSGVS,BLISSGVS,BLUEDART,BLUEDART
CANFINHOME,CADILAHC,CANBK,CANFINHOME,BRFL,BRIGADE,BRIGADE,BRIGADE,BRITANNIA,CANFINHOME,CRISIL,BRITANNIA,BLUEDART,BLUEDART,BLUESTARCO,BLUESTARCO
CAPF,CAIRN,CANFINHOME,CAPF,BRIGADE,BRITANNIA,BRITANNIA,BRITANNIA,CARERATING,CANBK,CADILAHC,CARERATING,BLUESTARCO,BLUESTARCO,BBTC,BBTC
CARBORUNIV,CANBK,CAPF,CARBORUNIV,BRITANNIA,CADILAHC,CARERATING,CARERATING,CCL,CAPF,CANFINHOME,CCL,BBTC,BBTC,BOSCHLTD,BOSCHLTD
CARERATING,CANFINHOME,CARBORUNIV,CARERATING,CADILAHC,CAIRN,CCL,CCL,CGPOWER,CAPLIPOINT,CANBK,CESC,BOMDYEING,BOMDYEING,BRIGADE,BRIGADE
CENTENKA,CAPF,CARERATING,CASTEXTECH,CAIRN,CANBK,CESC,CESC,CRISIL,CARBORUNIV,CAPLIPOINT,CGPOWER,BOSCHLTD,BOSCHLTD,BRITANNIA,BRITANNIA
CENTRALBK,CARBORUNIV,CASTROLIND,CASTROLIND,CANBK,CANFINHOME,CGPOWER,CGPOWER,CADILAHC,CASTROLIND,CARBORUNIV,CRISIL,BRIGADE,BRIGADE,BURGERKING,BURGERKING
CENTURYTEX,CARERATING,CENTENKA,CEATLTD,CANFINHOME,CAPF,CRISIL,CRISIL,CANFINHOME,CEATLTD,CASTROLIND,CADILAHC,BRITANNIA,BRITANNIA,CCL,CCL
CESC,CASTROLIND,CENTRALBK,CENTENKA,CAPF,CAPLIPOINT,CADILAHC,CADILAHC,CANBK,CENTRALBK,CEATLTD,CANFINHOME,CARERATING,CARERATING,CESC,CESC
CHAMBLFERT,CENTENKA,CENTURYPLY,CENTRALBK,CAPLIPOINT,CARBORUNIV,CANFINHOME,CANFINHOME,CAPF,CDSL,CENTRALBK,CANBK,CCL,CCL,CGPOWER,CGPOWER
CHENNPETRO,CENTRALBK,CENTURYTEX,CENTURYPLY,CARERATING,CARERATING,CANBK,CANBK,CAPLIPOINT,CENTURYPLY,CDSL,CAPLIPOINT,CESC,CESC,CRISIL,CRISIL
CHOLAFIN,CENTURYPLY,CESC,CENTURYTEX,CASTEXTECH,CASTROLIND,CAPF,CAPF,CARBORUNIV,CENTURYTEX,CENTURYPLY,CGCL,CRISIL,CRISIL,CSBBANK,CSBBANK
CIPLA,CENTURYTEX,CHAMBLFERT,CESC,CASTROLIND,CCL,CAPLIPOINT,CAPLIPOINT,CASTROLIND,CERA,CERA,CARBORUNIV,CSBBANK,CSBBANK,CADILAHC,CADILAHC
CLNINDIA,CESC,CHENNPETRO,CHAMBLFERT,CCL,CEATLTD,CARBORUNIV,CARBORUNIV,CEATLTD,CHAMBLFERT,CHAMBLFERT,CASTROLIND,CADILAHC,CADILAHC,CANFINHOME,CANFINHOME
CMC,CHAMBLFERT,CHOLAFIN,CHENNPETRO,CEATLTD,CENTRALBK,CASTROLIND,CASTROLIND,CENTRALBK,CHENNPETRO,CHENNPETRO,CEATLTD,CANFINHOME,CANFINHOME,CANBK,CANBK
COALINDIA,CHENNPETRO,CIPLA,CHOLAFIN,CENTRALBK,CENTURYPLY,CEATLTD,CEATLTD,CDSL,CHOLAFIN,CHOLAHLDNG,CENTRALBK,CANBK,CANBK,CAPLIPOINT,CAPLIPOINT
COLPAL,CHOLAFIN,CLNINDIA,CIPLA,CENTURYPLY,CENTURYTEX,CENTRALBK,CENTRALBK,CENTURYPLY,CIPLA,CHOLAFIN,CDSL,CAPLIPOINT,CAPLIPOINT,CGCL,CGCL
CONCOR,CIPLA,COALINDIA,CLNINDIA,CENTURYTEX,CERA,CENTURYPLY,CENTURYPLY,CENTURYTEX,CUB,CIPLA,CENTURYPLY,CGCL,CGCL,CARBORUNIV,CARBORUNIV
COREEDUTEC,CLNINDIA,COLPAL,COALINDIA,CERA,CESC,CENTURYTEX,CENTURYTEX,CERA,COALINDIA,CUB,CERA,CARBORUNIV,CARBORUNIV,CASTROLIND,CASTROLIND
COROMANDEL,CMC,CONCOR,COLPAL,CESC,CHAMBLFERT,CERA,CERA,CHAMBLFERT,COCHINSHIP,COALINDIA,CHALET,CASTROLIND,CASTROLIND,CEATLTD,CEATLTD
CORPBANK,COALINDIA,COROMANDEL,CONCOR,CHAMBLFERT,CHENNPETRO,CHAMBLFERT,CHAMBLFERT,CHENNPETRO,COFFEEDAY,COCHINSHIP,CHAMBLFERT,CEATLTD,CEATLTD,CENTRALBK,CENTRALBK
COX&KINGS,COLPAL,CORPBANK,COROMANDEL,CHENNPETRO,CHOLAFIN,CHENNPETRO,CHENNPETRO,CHOLAFIN,COLPAL,COFFEEDAY,CHENNPETRO,CENTRALBK,CENTRALBK,CDSL,CDSL
CRISIL,CONCOR,COX&KINGS,CORPBANK,CHOLAFIN,CIPLA,CHOLAFIN,CHOLAFIN,CIPLA,CONCOR,COLPAL,CHOLAHLDNG,CDSL,CDSL,CENTURYPLY,CENTURYPLY
CROMPGREAV,COROMANDEL,CRISIL,COX&KINGS,CIPLA,COALINDIA,CIPLA,CIPLA,CUB,COROMANDEL,CONCOR,CHOLAFIN,CENTURYPLY,CENTURYPLY,CENTURYTEX,CENTURYTEX
CUB,CORPBANK,CROMPGREAV,CRISIL,CLNINDIA,COFFEEDAY,CUB,CUB,COALINDIA,CROMPTON,COROMANDEL,CIPLA,CENTURYTEX,CENTURYTEX,CERA,CERA
CUMMINSIND,COX&KINGS,CUB,CUB,COALINDIA,COLPAL,COALINDIA,COALINDIA,COCHINSHIP,CUMMINSIND,CORPBANK,CUB,CERA,CERA,CHALET,CHALET
DABUR,CRISIL,CUMMINSIND,CUMMINSIND,COLPAL,CONCOR,COFFEEDAY,COFFEEDAY,COFFEEDAY,CYIENT,COX&KINGS,COALINDIA,CHALET,CHALET,CHAMBLFERT,CHAMBLFERT
DBCORP,CROMPGREAV,CYIENT,CYIENT,CONCOR,COROMANDEL,COLPAL,COLPAL,COLPAL,DBCORP,CREDITACC,COCHINSHIP,CHAMBLFERT,CHAMBLFERT,CHOLAHLDNG,CHOLAHLDNG
DBREALTY,CUB,DABUR,DABUR,COROMANDEL,CORPBANK,CONCOR,CONCOR,CONCOR,DCBBANK,CROMPTON,COFFEEDAY,CHENNPETRO,CHENNPETRO,CHOLAFIN,CHOLAFIN
DCBBANK,CUMMINSIND,DBCORP,DBCORP,CORPBANK,COX&KINGS,COROMANDEL,COROMANDEL,COROMANDEL,DCMSHRIRAM,CUMMINSIND,COLPAL,CHOLAHLDNG,CHOLAHLDNG,CIPLA,CIPLA
DCMSHRIRAM,CYIENT,DBREALTY,DBREALTY,COX&KINGS,CRISIL,CORPBANK,CORPBANK,COX&KINGS,DLF,CYIENT,CONCOR,CHOLAFIN,CHOLAFIN,CUB,CUB
DCW,DABUR,DCBBANK,DCBBANK,CRISIL,CROMPGREAV,COX&KINGS,COX&KINGS,CROMPTON,DABUR,DBCORP,COROMANDEL,CIPLA,CIPLA,COALINDIA,COALINDIA
DEEPAKFERT,DBCORP,DCMSHRIRAM,DCMSHRIRAM,CUB,CUB,CROMPTON,CROMPTON,CUMMINSIND,DEEPAKFERT,DCBBANK,CORPBANK,CUB,CUB,COCHINSHIP,COCHINSHIP
DELTACORP,DBREALTY,DEEPAKFERT,DEEPAKFERT,CUMMINSIND,CUMMINSIND,CUMMINSIND,CUMMINSIND,CYIENT,DELTACORP,DCMSHRIRAM,COX&KINGS,COALINDIA,COALINDIA,COFORGE,COFORGE
DEN,DCBBANK,DELTACORP,DELTACORP,CYIENT,CYIENT,CYIENT,CYIENT,DBREALTY,DEN,DLF,CREDITACC,COCHINSHIP,COCHINSHIP,COLPAL,COLPAL
DENABANK,DCMSHRIRAM,DEN,DEN,DABUR,DABUR,DBREALTY,DBREALTY,DBCORP,DENABANK,DABUR,CROMPTON,COFORGE,COFORGE,CAMS,CAMS
DHANBANK,DCW,DENABANK,DENABANK,DALMIABHA,DALMIABHA,DBCORP,DBCORP,DCBBANK,DHFL,DEEPAKFERT,CUMMINSIND,COLPAL,COLPAL,CONCOR,CONCOR
DHFL,DEEPAKFERT,DHANBANK,DHANBANK,DBCORP,DBCORP,DCBBANK,DCBBANK,DCMSHRIRAM,DBL,DEEPAKNTR,CYIENT,CONCOR,CONCOR,COROMANDEL,COROMANDEL
DISHMAN,DELTACORP,DHFL,DHFL,DBREALTY,DBREALTY,DCMSHRIRAM,DCMSHRIRAM,DLF,DISHTV,DELTACORP,DBCORP,COROMANDEL,COROMANDEL,CREDITACC,CREDITACC
DIVISLAB,DEN,DISHMAN,DISHMAN,DCBBANK,DCBBANK,DLF,DLF,DABUR,DCAL,DHFL,DCBBANK,CREDITACC,CREDITACC,CROMPTON,CROMPTON
DLF,DENABANK,DIVISLAB,DIVISLAB,DCMSHRIRAM,DCMSHRIRAM,DABUR,DABUR,DEEPAKFERT,DIVISLAB,DBL,DCMSHRIRAM,CROMPTON,CROMPTON,CUMMINSIND,CUMMINSIND
DREDGECORP,DHANBANK,DLF,DLF,DEEPAKFERT,DEEPAKFERT,DALMIABHA,DALMIABHA,DELTACORP,DIXON,DISHTV,DLF,CUMMINSIND,CUMMINSIND,CYIENT,CYIENT
DRREDDY,DHFL,DREDGECORP,DREDGECORP,DELTACORP,DELTACORP,DEEPAKFERT,DEEPAKFERT,DEN,LALPATHLAB,DCAL,DABUR,CYIENT,CYIENT,DCBBANK,DCBBANK
ECLERX,DISHMAN,DRREDDY,DRREDDY,DEN,DEN,DELTACORP,DELTACORP,DENABANK,DRREDDY,DIVISLAB,DALBHARAT,DBCORP,DBCORP,DCMSHRIRAM,DCMSHRIRAM
EDELWEISS,DIVISLAB,DYNAMATECH,DYNAMATECH,DENABANK,DENABANK,DEN,DEN,DHFL,DREDGECORP,DIXON,DEEPAKNTR,DCBBANK,DCBBANK,DLF,DLF
EDUCOMP,DLF,ECLERX,ECLERX,DHANUKA,DHANUKA,DENABANK,DENABANK,DBL,EIDPARRY,LALPATHLAB,DELTACORP,DCMSHRIRAM,DCMSHRIRAM,DABUR,DABUR
EICHERMOT,DREDGECORP,EDELWEISS,EDELWEISS,DHFL,DHFL,DHFL,DHFL,DISHTV,EIHOTEL,DRREDDY,DEN,DLF,DLF,DALBHARAT,DALBHARAT
EIDPARRY,DRREDDY,EICHERMOT,EICHERMOT,DISHMAN,DISHMAN,DHANUKA,DHANUKA,DCAL,EDELWEISS,EIDPARRY,DHFL,DABUR,DABUR,DEEPAKNTR,DEEPAKNTR
EIHOTEL,ECLERX,EIDPARRY,EIDPARRY,DISHTV,DISHTV,DBL,DBL,DIVISLAB,EICHERMOT,EIHOTEL,DBL,DALBHARAT,DALBHARAT,DELTACORP,DELTACORP
ELDERPHARM,EDELWEISS,EIHOTEL,EIHOTEL,DIVISLAB,DIVISLAB,DISHTV,DISHTV,DIXON,ELGIEQUIP,EDELWEISS,DISHTV,DEEPAKNTR,DEEPAKNTR,DHANI,DHANI
ELECTCAST,EDUCOMP,ELECTCAST,ELECTCAST,DLF,DLF,DIVISLAB,DIVISLAB,LALPATHLAB,EMAMILTD,EICHERMOT,DCAL,DELTACORP,DELTACORP,DHANUKA,DHANUKA
ELGIEQUIP,EICHERMOT,ELGIEQUIP,ELGIEQUIP,DREDGECORP,DREDGECORP,LALPATHLAB,LALPATHLAB,DRREDDY,ENDURANCE,ELGIEQUIP,DIVISLAB,DHANI,DHANI,DBL,DBL
EMAMILTD,EIDPARRY,EMAMILTD,EMAMILTD,DRREDDY,DRREDDY,DRREDDY,DRREDDY,DREDGECORP,ENGINERSIN,EMAMILTD,DIXON,DHANUKA,DHANUKA,DIVISLAB,DIVISLAB
ENGINERSIN,EIHOTEL,ENGINERSIN,ENGINERSIN,DYNAMATECH,DYNAMATECH,DREDGECORP,DREDGECORP,EIDPARRY,EQUITAS,ENDURANCE,LALPATHLAB,DBL,DBL,DIXON,DIXON
ENIL,ELDERPHARM,ENIL,ENIL,ECLERX,ECLERX,EIDPARRY,EIDPARRY,EIHOTEL,ERIS,ENGINERSIN,DRREDDY,DISHTV,DISHTV,LALPATHLAB,LALPATHLAB
ERAINFRA,ELECTCAST,EROSMEDIA,EROSMEDIA,EDELWEISS,EDELWEISS,EIHOTEL,EIHOTEL,EDELWEISS,EROSMEDIA,EQUITAS,EIDPARRY,DCAL,DCAL,DRREDDY,DRREDDY
EROSMEDIA,ELGIEQUIP,ESABINDIA,ESABINDIA,EICHERMOT,EICHERMOT,EDELWEISS,EDELWEISS,EICHERMOT,ESCORTS,ERIS,EIHOTEL,DIVISLAB,DIVISLAB,EIDPARRY,EIDPARRY
ESABINDIA,EMAMILTD,ESCORTS,ESCORTS,EIDPARRY,EIDPARRY,EICHERMOT,EICHERMOT,EMAMILTD,EVEREADY,ESCORTS,EDELWEISS,DIXON,DIXON,EIHOTEL,EIHOTEL
ESCORTS,ENGINERSIN,ESSDEE,ESSDEE,EIHOTEL,EIHOTEL,EMAMILTD,EMAMILTD,ENDURANCE,EXCELCROP,ESSELPACK,EICHERMOT,LALPATHLAB,LALPATHLAB,EPL,EPL
ESSDEE,ENIL,ESSELPACK,ESSELPACK,ELECTCAST,EMAMILTD,ENDURANCE,ENDURANCE,ENGINERSIN,EXIDEIND,EXIDEIND,ELGIEQUIP,DRREDDY,DRREDDY,EDELWEISS,EDELWEISS
ESSELPACK,EROSMEDIA,EXIDEIND,EVEREADY,ELGIEQUIP,ENGINERSIN,ENGINERSIN,ENGINERSIN,EQUITAS,FDC,FDC,EMAMILTD,EIDPARRY,EIDPARRY,EICHERMOT,EICHERMOT
EXIDEIND,ESABINDIA,FAGBEARING,EXIDEIND,EMAMILTD,EQUITAS,EQUITAS,EQUITAS,ERIS,FEDERALBNK,FEDERALBNK,ENDURANCE,EIHOTEL,EIHOTEL,ELGIEQUIP,ELGIEQUIP
FAGBEARING,ESCORTS,FCEL,FAGBEARING,ENGINERSIN,EROSMEDIA,EROSMEDIA,EROSMEDIA,EROSMEDIA,FINCABLES,FINEORG,ENGINERSIN,EPL,EPL,EMAMILTD,EMAMILTD
FDC,ESSDEE,FDC,FCEL,EROSMEDIA,ESCORTS,ESCORTS,ESCORTS,ESCORTS,FINPIPE,FINCABLES,EQUITAS,ESABINDIA,ESABINDIA,ENDURANCE,ENDURANCE
FEDERALBNK,ESSELPACK,FEDERALBNK,FDC,ESCORTS,ESSELPACK,ESSELPACK,ESSELPACK,EVEREADY,FSL,FINPIPE,ERIS,EDELWEISS,EDELWEISS,ENGINERSIN,ENGINERSIN
FINANTECH,EXIDEIND,FINANTECH,FEDERALBNK,ESSDEE,EVEREADY,EVEREADY,EVEREADY,EXIDEIND,FCONSUMER,FSL,ESCORTS,EICHERMOT,EICHERMOT,EQUITAS,EQUITAS
FINCABLES,FAGBEARING,FINCABLES,FINANTECH,ESSELPACK,EXIDEIND,EXIDEIND,EXIDEIND,FEDERALBNK,FLFL,FORTIS,ESSELPACK,ELGIEQUIP,ELGIEQUIP,EQUITASBNK,EQUITASBNK
FINPIPE,FDC,FINPIPE,FINCABLES,EVEREADY,FAGBEARING,FEDERALBNK,FEDERALBNK,FINCABLES,FRETAIL,FCONSUMER,EXIDEIND,EMAMILTD,EMAMILTD,ERIS,ERIS
FLEXITUFF,FEDERALBNK,FLEXITUFF,FINPIPE,EXIDEIND,FCONSUMER,FINCABLES,FINCABLES,FINPIPE,GAIL,FLFL,FDC,ENDURANCE,ENDURANCE,ESCORTS,ESCORTS
FMGOETZE,FINANTECH,FMGOETZE,FLEXITUFF,FAGBEARING,FDC,FINPIPE,FINPIPE,FSL,GEPIL,FRETAIL,FEDERALBNK,ENGINERSIN,ENGINERSIN,EXIDEIND,EXIDEIND
FORTIS,FINCABLES,FORTIS,FLFL,FCEL,FEDERALBNK,FSL,FSL,FCONSUMER,GET&D,GAIL,FMGOETZE,EQUITAS,EQUITAS,FDC,FDC
FRL,FINPIPE,FRL,FMGOETZE,FDC,FINCABLES,FORTIS,FORTIS,FLFL,GHCL,GEPIL,FINEORG,ERIS,ERIS,FEDERALBNK,FEDERALBNK
FSL,FLEXITUFF,FSL,FORTIS,FEDERALBNK,FINPIPE,FCONSUMER,FCONSUMER,GAIL,GMRINFRA,GET&D,FINCABLES,ESCORTS,ESCORTS,FACT,FACT
GABRIEL,FMGOETZE,GABRIEL,FRL,FINANTECH,FLFL,FLFL,FLFL,GEPIL,GVKPIL,GHCL,FINPIPE,EXIDEIND,EXIDEIND,FINEORG,FINEORG
GAIL,FORTIS,GAIL,FSL,FINCABLES,FORTIS,GAIL,GAIL,GET&D,GALAXYSURF,GMRINFRA,FSL,FDC,FDC,FINCABLES,FINCABLES
GAMMNINFRA,FRL,GAMMNINFRA,GABRIEL,FINPIPE,FSL,GEPIL,GEPIL,GHCL,GDL,GALAXYSURF,FORTIS,FEDERALBNK,FEDERALBNK,FINPIPE,FINPIPE
GAMMONIND,FSL,GAMMONIND,GAIL,FLFL,GAIL,GET&D,GET&D,GMRINFRA,GAYAPROJ,GDL,FCONSUMER,FINEORG,FINEORG,FSL,FSL
GATI,GABRIEL,GATI,GAMMNINFRA,FORTIS,GATI,GHCL,GHCL,GVKPIL,GICRE,GAYAPROJ,FLFL,FINCABLES,FINCABLES,FORTIS,FORTIS
GDL,GAIL,GDL,GATI,FSL,GAYAPROJ,GMRINFRA,GMRINFRA,GDL,GILLETTE,GICRE,FRETAIL,FINPIPE,FINPIPE,FRETAIL,FRETAIL
GEOJITBNPP,GAMMNINFRA,GEOJITBNPP,GDL,GAIL,GDL,GVKPIL,GVKPIL,GATI,GSKCONS,GILLETTE,GAIL,FSL,FSL,GAIL,GAIL
GEOMETRIC,GAMMONIND,GEOMETRIC,GEOJITBNPP,GATI,GEPIL,GDL,GDL,GICRE,GLAXO,GSKCONS,GEPIL,FORTIS,FORTIS,GMMPFAUDLR,GMMPFAUDLR
GESHIP,GATI,GESHIP,GEOMETRIC,GAYAPROJ,GESHIP,GATI,GATI,GILLETTE,GLENMARK,GLAXO,GET&D,FCONSUMER,FCONSUMER,GALAXYSURF,GALAXYSURF
GHCL,GDL,GHCL,GESHIP,GDL,GET&D,GAYAPROJ,GAYAPROJ,GSKCONS,GODFRYPHLP,GLENMARK,GHCL,FRETAIL,FRETAIL,GARFIBRES,GARFIBRES
GILLETTE,GEOJITBNPP,GILLETTE,GHCL,GESHIP,GILLETTE,GILLETTE,GILLETTE,GLAXO,GODREJAGRO,GODFRYPHLP,GMRINFRA,GAIL,GAIL,GICRE,GICRE
GIPCL,GEOMETRIC,GIPCL,GILLETTE,GILLETTE,GLAXO,GSKCONS,GSKCONS,GLENMARK,GODREJCP,GODREJAGRO,GALAXYSURF,GEPIL,GEPIL,GILLETTE,GILLETTE
GITANJALI,GESHIP,GITANJALI,GIPCL,GLAXO,GLENMARK,GLAXO,GLAXO,GODFRYPHLP,GODREJIND,GODREJCP,GARFIBRES,GHCL,GHCL,GLAND,GLAND
GLAXO,GHCL,GLAXO,GITANJALI,GLENMARK,GMDCLTD,GLENMARK,GLENMARK,GODREJAGRO,GODREJPROP,GODREJIND,GAYAPROJ,GMMPFAUDLR,GMMPFAUDLR,GLAXO,GLAXO
GLENMARK,GILLETTE,GLENMARK,GLAXO,GLOBOFFS,GMRINFRA,GODFRYPHLP,GODFRYPHLP,GODREJCP,GRANULES,GODREJPROP,GICRE,GMRINFRA,GMRINFRA,GLENMARK,GLENMARK
GMDCLTD,GIPCL,GMDCLTD,GLENMARK,GMDCLTD,GODFRYPHLP,GODREJCP,GODREJCP,GODREJIND,GRAPHITE,GRANULES,GILLETTE,GALAXYSURF,GALAXYSURF,GODFRYPHLP,GODFRYPHLP
GMRINFRA,GITANJALI,GMRINFRA,GMDCLTD,GMRINFRA,GODREJCP,GODREJIND,GODREJIND,GODREJPROP,GRASIM,GRAPHITE,GLAXO,GRSE,GRSE,GODREJAGRO,GODREJAGRO
GNFC,GLAXO,GNFC,GMRINFRA,GODFRYPHLP,GODREJIND,GODREJPROP,GODREJPROP,GRANULES,GESHIP,GRASIM,GLENMARK,GARFIBRES,GARFIBRES,GODREJCP,GODREJCP
GODFRYPHLP,GLENMARK,GODFRYPHLP,GNFC,GODREJCP,GODREJPROP,GRANULES,GRANULES,GRAPHITE,GREAVESCOT,GESHIP,GODFRYPHLP,GICRE,GICRE,GODREJIND,GODREJIND
GODREJCP,GMDCLTD,GODREJCP,GODFRYPHLP,GODREJIND,GPPL,GESHIP,GESHIP,GRASIM,GREENPLY,GREAVESCOT,GODREJAGRO,GILLETTE,GILLETTE,GODREJPROP,GODREJPROP
GODREJIND,GMRINFRA,GODREJIND,GODREJCP,GODREJPROP,GRANULES,GREAVESCOT,GREAVESCOT,GESHIP,GRINDWELL,GRINDWELL,GODREJCP,GLAXO,GLAXO,GRANULES,GRANULES
GODREJPROP,GNFC,GODREJPROP,GODREJIND,GPPL,GRASIM,GREENPLY,GREENPLY,GREAVESCOT,GRUH,GRUH,GODREJIND,GLENMARK,GLENMARK,GRAPHITE,GRAPHITE
GPPL,GODFRYPHLP,GPPL,GODREJPROP,GRANULES,GREAVESCOT,GRUH,GRUH,GREENPLY,GUJALKALI,GUJALKALI,GODREJPROP,GODFRYPHLP,GODFRYPHLP,GRASIM,GRASIM
GRAPHITE,GODREJCP,GRAPHITE,GPPL,GRASIM,GREENPLY,GUJALKALI,GUJALKALI,GRUH,GUJFLUORO,GUJFLUORO,GRANULES,GODREJAGRO,GODREJAGRO,GESHIP,GESHIP
GRASIM,GODREJIND,GRASIM,GRAPHITE,GREAVESCOT,GRINDWELL,GUJFLUORO,GUJFLUORO,GUJALKALI,GUJGASLTD,GUJGASLTD,GRAPHITE,GODREJCP,GODREJCP,GREAVESCOT,GREAVESCOT
GREAVESCOT,GODREJPROP,GREAVESCOT,GRASIM,GREENPLY,GRUH,GUJGASLTD,GUJGASLTD,GUJFLUORO,GMDCLTD,GMDCLTD,GRASIM,GODREJIND,GODREJIND,GRINDWELL,GRINDWELL
GRUH,GPPL,GRUH,GREAVESCOT,GRINDWELL,GSFC,GMDCLTD,GMDCLTD,GUJGASLTD,GNFC,GNFC,GESHIP,GODREJPROP,GODREJPROP,GUJALKALI,GUJALKALI
GSFC,GRAPHITE,GSFC,GRUH,GRUH,GSKCONS,GNFC,GNFC,GMDCLTD,GPPL,GPPL,GREAVESCOT,GRANULES,GRANULES,GAEL,GAEL
GSKCONS,GRASIM,GSKCONS,GSFC,GSFC,GSPL,GPPL,GPPL,GNFC,GSFC,GSFC,GRINDWELL,GRAPHITE,GRAPHITE,FLUOROCHEM,FLUOROCHEM
GSPL,GREAVESCOT,GSPL,GSKCONS,GSKCONS,GUJFLUORO,GSFC,GSFC,GPPL,GSPL,GSPL,GUJALKALI,GRASIM,GRASIM,GUJGASLTD,GUJGASLTD
GTLINFRA,GRUH,GTLINFRA,GSPL,GSPL,GUJGASLTD,GSPL,GSPL,GSFC,GULFOILLUB,GULFOILLUB,GUJGASLTD,GESHIP,GESHIP,GNFC,GNFC
GTOFFSHORE,GSFC,GUJALKALI,GTLINFRA,GUJFLUORO,GULFOILLUB,GULFOILLUB,GULFOILLUB,GSPL,HEG,HEG,GMDCLTD,GREAVESCOT,GREAVESCOT,GPPL,GPPL
GUJALKALI,GSKCONS,GUJFLUORO,GUJALKALI,GUJGASLTD,GVKPIL,HCL-INSYS,HCL-INSYS,GULFOILLUB,HCL-INSYS,HCLTECH,GNFC,GRINDWELL,GRINDWELL,GSFC,GSFC
GUJFLUORO,GSPL,GUJNRECOKE,GUJFLUORO,GULFOILLUB,HATHWAY,HCLTECH,HCLTECH,HEG,HCLTECH,HDFCAMC,GPPL,GUJALKALI,GUJALKALI,GSPL,GSPL
GUJNRECOKE,GTLINFRA,GULFOILLUB,GULFOILLUB,GVKPIL,HAVELLS,HDFCBANK,HDFCBANK,HCL-INSYS,HDFCBANK,HDFCBANK,GSFC,GAEL,GAEL,HEG,HEG
GUJRATGAS,GUJALKALI,GVKPIL,GVKPIL,HATHWAY,HCC,HSIL,HSIL,HCLTECH,HDFCLIFE,HDFCLIFE,GSPL,FLUOROCHEM,FLUOROCHEM,HCLTECH,HCLTECH
GVKPIL,GUJFLUORO,HATHWAY,HATHWAY,HAVELLS,HCL-INSYS,HTMEDIA,HTMEDIA,HDFCBANK,HSIL,HATHWAY,GULFOILLUB,GUJGASLTD,GUJGASLTD,HDFCAMC,HDFCAMC
HATHWAY,GUJNRECOKE,HAVELLS,HAVELLS,HCC,HCLTECH,HATHWAY,HATHWAY,HSIL,HATHWAY,HATSUN,HEG,GMDCLTD,GMDCLTD,HDFCBANK,HDFCBANK
HAVELLS,GUJRATGAS,HCC,HCC,HCL-INSYS,HDFC,HAVELLS,HAVELLS,HTMEDIA,HATSUN,HAVELLS,HCLTECH,GNFC,GNFC,HDFCLIFE,HDFCLIFE
HCC,GVKPIL,HCL-INSYS,HCL-INSYS,HCLTECH,HDFCBANK,HEIDELBERG,HEIDELBERG,HATHWAY,HAVELLS,HEIDELBERG,HDFCAMC,GPPL,GPPL,HFCL,HFCL
HCL-INSYS,HATHWAY,HCLTECH,HCLTECH,HDFC,HDIL,HERITGFOOD,HERITGFOOD,HATSUN,HEIDELBERG,HERITGFOOD,HDFCBANK,GSFC,GSFC,HAPPSTMNDS,HAPPSTMNDS
HCLTECH,HAVELLS,HDFC,HDFC,HDFCBANK,HEIDELBERG,HEROMOTOCO,HEROMOTOCO,HAVELLS,HERITGFOOD,HEROMOTOCO,HDFCLIFE,GSPL,GSPL,HATHWAY,HATHWAY
HDFC,HCC,HDFCBANK,HDFCBANK,HDIL,HEROMOTOCO,HEXAWARE,HEXAWARE,HEIDELBERG,HEROMOTOCO,HEXAWARE,HFCL,GULFOILLUB,GULFOILLUB,HATSUN,HATSUN
HDFCBANK,HCL-INSYS,HDIL,HDIL,HEIDELBERG,HEXAWARE,HFCL,HFCL,HERITGFOOD,HEXAWARE,HFCL,HATHWAY,HEG,HEG,HAVELLS,HAVELLS
HDIL,HCLTECH,HEG,HEG,HEROMOTOCO,HFCL,HIMATSEIDE,HIMATSEIDE,HEROMOTOCO,HFCL,HSCL,HATSUN,HCLTECH,HCLTECH,HEIDELBERG,HEIDELBERG
HEG,HDFC,HERITGFOOD,HERITGFOOD,HEXAWARE,HIMATSEIDE,HINDALCO,HINDALCO,HEXAWARE,HSCL,HIMATSEIDE,HAVELLS,HDFCAMC,HDFCAMC,HEMIPROP,HEMIPROP
HERITGFOOD,HDFCBANK,HEROMOTOCO,HEROMOTOCO,HFCL,HINDALCO,HCC,HCC,HFCL,HIMATSEIDE,HINDALCO,HEIDELBERG,HDFCBANK,HDFCBANK,HEROMOTOCO,HEROMOTOCO
HEROMOTOCO,HDIL,HEXAWARE,HEXAWARE,HIMATSEIDE,HINDCOPPER,HINDCOPPER,HINDCOPPER,HSCL,HINDALCO,HAL,HERITGFOOD,HDFCLIFE,HDFCLIFE,HIKAL,HIKAL
HEXAWARE,HEG,HFCL,HFCL,HINDALCO,HINDPETRO,HINDPETRO,HINDPETRO,HIMATSEIDE,HAL,HINDCOPPER,HEROMOTOCO,HFCL,HFCL,HINDALCO,HINDALCO
HFCL,HERITGFOOD,HIMATSEIDE,HIMATSEIDE,HINDCOPPER,HINDUNILVR,HINDUNILVR,HINDUNILVR,HINDALCO,HCC,HINDPETRO,HEXAWARE,HATHWAY,HATHWAY,HGS,HGS
HIMATSEIDE,HEROMOTOCO,HINDALCO,HINDALCO,HINDPETRO,HINDZINC,HINDZINC,HINDZINC,HCC,HINDCOPPER,HINDUNILVR,HSCL,HATSUN,HATSUN,HAL,HAL
HINDALCO,HEXAWARE,HINDCOPPER,HINDCOPPER,HINDUNILVR,HMVL,HUDCO,HUDCO,HINDCOPPER,HINDPETRO,HINDZINC,HIMATSEIDE,HAVELLS,HAVELLS,HINDCOPPER,HINDCOPPER
HINDCOPPER,HFCL,HINDOILEXP,HINDPETRO,HINDZINC,HONAUT,HDFC,HDFC,HINDPETRO,HINDUNILVR,HONAUT,HINDALCO,HEIDELBERG,HEIDELBERG,HINDPETRO,HINDPETRO
HINDOILEXP,HIMATSEIDE,HINDPETRO,HINDUNILVR,HITACHIHOM,HSIL,HDIL,HDIL,HINDUNILVR,HINDZINC,HUDCO,HAL,HERITGFOOD,HERITGFOOD,HINDUNILVR,HINDUNILVR
HINDPETRO,HINDALCO,HINDUNILVR,HINDZINC,HMT,HTMEDIA,ITC,ITC,HINDZINC,HONAUT,HDFC,HINDCOPPER,HEROMOTOCO,HEROMOTOCO,HINDZINC,HINDZINC
HINDUNILVR,HINDCOPPER,HINDZINC,HONAUT,HMVL,IBREALEST,ICICIBANK,ICICIBANK,HONAUT,HUDCO,ICICIBANK,HINDPETRO,HSCL,HSCL,HOMEFIRST,HOMEFIRST
HINDZINC,HINDOILEXP,HONAUT,HSIL,HONAUT,IBULHSGFIN,ICICIPRULI,ICICIPRULI,HUDCO,HDFC,ICICIGI,HINDUNILVR,HINDALCO,HINDALCO,HONAUT,HONAUT
HONAUT,HINDPETRO,HOTELEELA,HTMEDIA,HOTELEELA,ICICIBANK,ICRA,ICRA,HDFC,ITC,ICICIPRULI,HINDZINC,HAL,HAL,HUDCO,HUDCO
HOTELEELA,HINDUNILVR,HSIL,IBREALEST,HSIL,ICIL,IDBI,IDBI,HDIL,ICICIBANK,ISEC,HONAUT,HINDCOPPER,HINDCOPPER,HDFC,HDFC
HSIL,HINDZINC,HTMEDIA,IBULHSGFIN,HTMEDIA,ICRA,IDFCBANK,IDFCBANK,ITC,ICICIGI,ICRA,HUDCO,HINDPETRO,HINDPETRO,ICICIBANK,ICICIBANK
HTMEDIA,HONAUT,IBREALEST,IBVENTURES,IBREALEST,IDBI,IDFC,IDFC,ICICIBANK,ICICIPRULI,IDBI,HDFC,HINDUNILVR,HINDUNILVR,ICICIGI,ICICIGI
HUBTOWN,HOTELEELA,IBULHSGFIN,ICICIBANK,IBULHSGFIN,IDEA,IFBIND,IFBIND,ICICIGI,ISEC,IDFCFIRSTB,ICICIBANK,HINDZINC,HINDZINC,ICICIPRULI,ICICIPRULI
IBPOW,HSIL,IBVENTURES,ICRA,ICICIBANK,IDFC,IFCI,IFCI,ICICIPRULI,IDBI,IDFC,ICICIGI,HONAUT,HONAUT,ISEC,ISEC
IBREALEST,HTMEDIA,ICICIBANK,IDBI,ICIL,IDFCBANK,IL&FSTRANS,IL&FSTRANS,IDBI,IDFCBANK,IFBIND,ICICIPRULI,HUDCO,HUDCO,IDBI,IDBI
IBSEC,HUBTOWN,ICRA,IDEA,ICRA,IFCI,IRB,IRB,IDFCBANK,IDFC,IFCI,ISEC,HDFC,HDFC,IDFCFIRSTB,IDFCFIRSTB
IBULHSGFIN,IBPOW,IDBI,IFCI,IDBI,IGARASHI,ITDCEM,ITDCEM,IDFC,IFBIND,IRB,ICRA,PAPERPROD,PAPERPROD,IDFC,IDFC
ICICIBANK,IBREALEST,IDEA,IGL,IDEA,IGL,ITI,ITI,IFBIND,IFCI,IRCON,IDBI,ICICIBANK,ICICIBANK,IFBIND,IFBIND
ICRA,IBSEC,IDFC,IIFL,IDFC,IIFL,IDEA,IDEA,IFCI,IIFL,ITC,IDFCFIRSTB,ICICIGI,ICICIGI,IIFL,IIFL
IDBI,IBULHSGFIN,IFBIND,IL&FSENGG,IFBIND,IL&FSTRANS,IGARASHI,IGARASHI,IIFL,IL&FSTRANS,ITDCEM,IDFC,ICICIPRULI,ICICIPRULI,IIFLWAM,IIFLWAM
IDEA,ICICIBANK,IFCI,IL&FSTRANS,IFCI,INDHOTEL,INDIACEM,INDIACEM,IL&FSTRANS,IRB,ITI,IFBIND,ISEC,ISEC,IOLCP,IOLCP
IDFC,ICRA,IGL,INDHOTEL,IGARASHI,INDIACEM,ITDC,ITDC,IRB,ITDCEM,INDIACEM,IFCI,ICRA,ICRA,IRB,IRB
IFCI,IDBI,IIFL,INDIACEM,IGL,INDIANB,IBULHSGFIN,IBULHSGFIN,ITDCEM,ITI,ITDC,IIFL,IDBI,IDBI,IRCON,IRCON
IGL,IDEA,IL&FSTRANS,INDIANB,IIFL,INDIGO,IBREALEST,IBREALEST,ITI,INDIACEM,IBULHSGFIN,IRB,IDFCFIRSTB,IDFCFIRSTB,ITC,ITC
IIFL,IDFC,INDHOTEL,INDUSINDBK,IL&FSTRANS,INDOCO,IBVENTURES,IBVENTURES,IDEA,ITDC,IBULISL,IRCON,IDFC,IDFC,ITI,ITI
IL&FSENGG,IFCI,INDIACEM,INFRATEL,INDHOTEL,INDUSINDBK,INDIANB,INDIANB,INDIACEM,IBULHSGFIN,IBREALEST,ITC,IFBIND,IFBIND,INDIACEM,INDIACEM
IL&FSTRANS,IGL,INDIANB,INFY,INDIACEM,INFIBEAM,INDHOTEL,INDHOTEL,ITDC,IBREALEST,IBVENTURES,ITDCEM,IIFL,IIFL,IBULHSGFIN,IBULHSGFIN
IMFA,IIFL,INDUSINDBK,INGERRAND,INDIANB,INFRATEL,IOC,IOC,IBULHSGFIN,IBVENTURES,INDIANB,ITI,IIFLWAM,IIFLWAM,IBREALEST,IBREALEST
INDHOTEL,IL&FSENGG,INFRATEL,INOXLEISUR,INDOCO,INFY,IOB,IOB,IBREALEST,INDIANB,IEX,INDIACEM,IOLCP,IOLCP,INDIAMART,INDIAMART
INDIACEM,IL&FSTRANS,INFY,INOXWIND,INDUSINDBK,INGERRAND,ICIL,ICIL,IBVENTURES,IEX,INDHOTEL,ITDC,IRB,IRB,INDIANB,INDIANB
INDIAGLYCO,IMFA,INGERRAND,IOB,INEOSSTYRO,INOXLEISUR,INDOCO,INDOCO,INDIANB,INDHOTEL,IOC,IBULHSGFIN,IRCON,IRCON,IEX,IEX
INDIANB,INDHOTEL,INOXLEISUR,IOC,INFRATEL,INOXWIND,IGL,IGL,IEX,IOC,IOB,IBULISL,ITC,ITC,INDHOTEL,INDHOTEL
INDRAMEDCO,INDIACEM,IOB,IPCALAB,INFY,INTELLECT,INDUSINDBK,INDUSINDBK,INDHOTEL,IOB,INDOSTAR,IBREALEST,ITI,ITI,IOC,IOC
INDUSINDBK,INDIANB,IOC,IRB,INGERRAND,IOB,INFIBEAM,INFIBEAM,IOC,ICIL,INDOCO,IBVENTURES,INDIACEM,INDIACEM,IOB,IOB
INFINITE,INDUSINDBK,IPCALAB,ITC,INOXLEISUR,IOC,NAUKRI,NAUKRI,IOB,INDOCO,IGL,INDIANB,IBULHSGFIN,IBULHSGFIN,IRCTC,IRCTC
INFOTECENT,INFRATEL,IRB,ITDCEM,INOXWIND,IPAPPM,INFY,INFY,ICIL,IGL,INDUSINDBK,IEX,IBREALEST,IBREALEST,IRFC,IRFC
INFRATEL,INFY,ITC,IVRCLINFRA,INTELLECT,IPCALAB,INGERRAND,INGERRAND,INDOCO,INDUSINDBK,INFIBEAM,INDHOTEL,INDIAMART,INDIAMART,INDIGOPNTS,INDIGOPNTS
INFY,INGERRAND,ITDCEM,J&KBANK,IOB,IRB,INOXLEISUR,INOXLEISUR,IGL,INFIBEAM,NAUKRI,IOC,INDIANB,INDIANB,ICIL,ICIL
INGERRAND,INGVYSYABK,IVRCLINFRA,JAGRAN,IOC,ITC,INOXWIND,INOXWIND,INDUSINDBK,NAUKRI,INFY,IOB,IEX,IEX,INDOCO,INDOCO
INGVYSYABK,INOXLEISUR,J&KBANK,JAICORPLTD,IPAPPM,ITDCEM,INTELLECT,INTELLECT,INFIBEAM,INFY,INOXLEISUR,INDOSTAR,INDHOTEL,INDHOTEL,IGL,IGL
INOXLEISUR,IOB,JAGRAN,JBCHEPHARM,IPCALAB,J&KBANK,INDIGO,INDIGO,NAUKRI,INOXLEISUR,INOXWIND,IGL,IOC,IOC,INDUSTOWER,INDUSTOWER
IOB,IOC,JAICORPLTD,JBFIND,IRB,JAGRAN,IPCALAB,IPCALAB,INFY,INOXWIND,INTELLECT,INDUSINDBK,IOB,IOB,INDUSINDBK,INDUSINDBK
IOC,IPCALAB,JBCHEPHARM,JINDALSAW,ITC,JAICORPLTD,JBCHEPHARM,JBCHEPHARM,INOXLEISUR,INTELLECT,INDIGO,INFIBEAM,IRCTC,IRCTC,INFIBEAM,INFIBEAM
IPCALAB,IRB,JBFIND,JINDALSTEL,J&KBANK,JBCHEPHARM,JKCEMENT,JKCEMENT,INOXWIND,INDIGO,IPCALAB,NAUKRI,INDOCO,INDOCO,NAUKRI,NAUKRI
IRB,ITC,JINDALSAW,JISLJALEQS,JAGRAN,JBFIND,JKIL,JKIL,INTELLECT,IPCALAB,JBCHEPHARM,INFY,IGL,IGL,INFY,INFY
ITC,IVRCLINFRA,JINDALSTEL,JKCEMENT,JAICORPLTD,JCHAC,JBFIND,JBFIND,INDIGO,JBCHEPHARM,JKCEMENT,INOXLEISUR,INDUSINDBK,INDUSINDBK,INGERRAND,INGERRAND
IVRCLINFRA,J&KBANK,JISLJALEQS,JKIL,JBCHEPHARM,JETAIRWAYS,JKLAKSHMI,JKLAKSHMI,IPCALAB,JKCEMENT,JKLAKSHMI,INTELLECT,INFIBEAM,INFIBEAM,INOXLEISUR,INOXLEISUR
J&KBANK,JAGRAN,JKCEMENT,JKLAKSHMI,JBFIND,JINDALPOLY,JKTYRE,JKTYRE,JBCHEPHARM,JKIL,JKPAPER,INDIGO,NAUKRI,NAUKRI,INTELLECT,INTELLECT
JAGRAN,JAICORPLTD,JKIL,JKTYRE,JETAIRWAYS,JINDALSTEL,JMFINANCIL,JMFINANCIL,JKCEMENT,JKLAKSHMI,JKTYRE,IPCALAB,INFY,INFY,INDIGO,INDIGO
JAICORPLTD,JBCHEPHARM,JKLAKSHMI,JMFINANCIL,JINDALPOLY,JISLJALEQS,JSWENERGY,JSWENERGY,JKIL,JKTYRE,JMFINANCIL,JBCHEPHARM,INGERRAND,INGERRAND,IPCALAB,IPCALAB
JBCHEPHARM,JBFIND,JKTYRE,JPASSOCIAT,JINDALSTEL,JKCEMENT,JSWSTEEL,JSWSTEEL,JBFIND,JMFINANCIL,JSWENERGY,JKCEMENT,INOXLEISUR,INOXLEISUR,JBCHEPHARM,JBCHEPHARM
JBFIND,JINDALSAW,JMFINANCIL,JPINFRATEC,JISLJALEQS,JKIL,JAGRAN,JAGRAN,JKLAKSHMI,JSWENERGY,JSWSTEEL,JKLAKSHMI,INDIGO,INDIGO,JKCEMENT,JKCEMENT
JINDALSAW,JINDALSTEL,JPASSOCIAT,JPPOWER,JKCEMENT,JKLAKSHMI,JAICORPLTD,JAICORPLTD,JKTYRE,JSWSTEEL,JAGRAN,JKPAPER,IPCALAB,IPCALAB,JKLAKSHMI,JKLAKSHMI
JINDALSTEL,JISLJALEQS,JPINFRATEC,JSWENERGY,JKIL,JKTYRE,JISLJALEQS,JISLJALEQS,JMFINANCIL,JAGRAN,JAICORPLTD,JKTYRE,JBCHEPHARM,JBCHEPHARM,JKPAPER,JKPAPER
JISLJALEQS,JKIL,JPPOWER,JSWHL,JKLAKSHMI,JMFINANCIL,JPASSOCIAT,JPASSOCIAT,JSWENERGY,JAICORPLTD,JISLJALEQS,JMFINANCIL,JKCEMENT,JKCEMENT,JKTYRE,JKTYRE
JKIL,JKLAKSHMI,JSL,JSWSTEEL,JKTYRE,JMTAUTOLTD,JPPOWER,JPPOWER,JSWSTEEL,JISLJALEQS,JPASSOCIAT,JSWENERGY,JKLAKSHMI,JKLAKSHMI,JMFINANCIL,JMFINANCIL
JKLAKSHMI,JKTYRE,JSWENERGY,JUBILANT,JMFINANCIL,JPASSOCIAT,J&KBANK,J&KBANK,JAGRAN,JPASSOCIAT,J&KBANK,JSWSTEEL,JKPAPER,JKPAPER,JSWENERGY,JSWENERGY
JKTYRE,JMFINANCIL,JSWHL,JUBLFOOD,JMTAUTOLTD,JPINFRATEC,JETAIRWAYS,JETAIRWAYS,JAICORPLTD,JPPOWER,JAMNAAUTO,JAGRAN,JKTYRE,JKTYRE,JSWSTEEL,JSWSTEEL
JMFINANCIL,JPASSOCIAT,JSWSTEEL,JUSTDIAL,JPASSOCIAT,JPPOWER,JINDALPOLY,JINDALPOLY,JISLJALEQS,J&KBANK,JETAIRWAYS,JAICORPLTD,JMFINANCIL,JMFINANCIL,JAMNAAUTO,JAMNAAUTO
JPASSOCIAT,JPINFRATEC,JUBILANT,JYOTHYLAB,JPINFRATEC,JSWENERGY,JINDALSAW,JINDALSAW,JPASSOCIAT,JETAIRWAYS,JINDALSAW,JISLJALEQS,JSWENERGY,JSWENERGY,JINDALSAW,JINDALSAW
JPINFRATEC,JPPOWER,JUBLFOOD,JYOTISTRUC,JPPOWER,JSWHL,JSLHISAR,JSLHISAR,JPPOWER,JINDALSAW,JSLHISAR,J&KBANK,JSWSTEEL,JSWSTEEL,JSLHISAR,JSLHISAR
JPPOWER,JSL,JUSTDIAL,KAJARIACER,JSWENERGY,JSWSTEEL,JSL,JSL,J&KBANK,JSLHISAR,JSL,JAMNAAUTO,JTEKTINDIA,JTEKTINDIA,JSL,JSL
JSL,JSWENERGY,JYOTHYLAB,KALPATPOWR,JSWHL,JUBILANT,JINDALSTEL,JINDALSTEL,JETAIRWAYS,JSL,JINDALSTEL,JINDALSAW,JAGRAN,JAGRAN,JINDALSTEL,JINDALSTEL
JSWENERGY,JSWHL,JYOTISTRUC,KANSAINER,JSWSTEEL,JUBLFOOD,JCHAC,JCHAC,JINDALPOLY,JINDALSTEL,JUBLFOOD,JSLHISAR,JAICORPLTD,JAICORPLTD,JCHAC,JCHAC
JSWHL,JSWSTEEL,KAJARIACER,KARURVYSYA,JUBILANT,JUSTDIAL,JUBLFOOD,JUBLFOOD,JINDALSAW,JCHAC,JUBILANT,JSL,J&KBANK,J&KBANK,JUBLFOOD,JUBLFOOD
JSWSTEEL,JUBILANT,KALPATPOWR,KCP,JUBLFOOD,JYOTHYLAB,JUBILANT,JUBILANT,JSLHISAR,JUBLFOOD,JUSTDIAL,JINDALSTEL,JAMNAAUTO,JAMNAAUTO,JUBLINGREA,JUBLINGREA
JUBILANT,JUBLFOOD,KANSAINER,KEC,JUSTDIAL,KAJARIACER,JUSTDIAL,JUSTDIAL,JSL,JUBILANT,JYOTHYLAB,JCHAC,JINDALSAW,JINDALSAW,JUBLPHARMA,JUBLPHARMA
JUBLFOOD,JUSTDIAL,KARURVYSYA,KITEX,JYOTHYLAB,KALPATPOWR,JYOTHYLAB,JYOTHYLAB,JINDALSTEL,JUSTDIAL,KPRMILL,JUBLFOOD,JSLHISAR,JSLHISAR,JUSTDIAL,JUSTDIAL
JUSTDIAL,JYOTHYLAB,KCP,KKCL,KAJARIACER,KANSAINER,KPRMILL,KPRMILL,JCHAC,JYOTHYLAB,KEI,JUBILANT,JSL,JSL,JYOTHYLAB,JYOTHYLAB
JYOTHYLAB,JYOTISTRUC,KEC,KNRCON,KALPATPOWR,KARURVYSYA,KPIT,KPIT,JUBLFOOD,KPRMILL,KIOCL,JUSTDIAL,JINDALSTEL,JINDALSTEL,KPRMILL,KPRMILL
JYOTISTRUC,KAJARIACER,KESORAMIND,KOLTEPATIL,KANSAINER,KEC,KRBL,KRBL,JUBILANT,KIOCL,KNRCON,JYOTHYLAB,JCHAC,JCHAC,KEI,KEI
KAJARIACER,KALPATPOWR,KITEX,KOTAKBANK,KARURVYSYA,KESORAMIND,KAJARIACER,KAJARIACER,JUSTDIAL,KNRCON,KRBL,KPRMILL,JUBLFOOD,JUBLFOOD,KNRCON,KNRCON
KALPATPOWR,KANSAINER,KKCL,KPIT,KEC,KITEX,KALPATPOWR,KALPATPOWR,JYOTHYLAB,KRBL,KAJARIACER,KEI,JUSTDIAL,JUSTDIAL,KPITTECH,KPITTECH
KANSAINER,KARURVYSYA,KNRCON,KPRMILL,KESORAMIND,KOLTEPATIL,KANSAINER,KANSAINER,KPRMILL,KAJARIACER,KALPATPOWR,KNRCON,JYOTHYLAB,JYOTHYLAB,KRBL,KRBL
KARURVYSYA,KCP,KOLTEPATIL,KRBL,KIRLOSENG,KOTAKBANK,KTKBANK,KTKBANK,KNRCON,KALPATPOWR,KANSAINER,KPITTECH,KEI,KEI,KSB,KSB
KCP,KEC,KOTAKBANK,KSBPUMPS,KITEX,KPIT,KARURVYSYA,KARURVYSYA,KPIT,KANSAINER,KTKBANK,KRBL,KNRCON,KNRCON,KAJARIACER,KAJARIACER
KEC,KESORAMIND,KPIT,KSCL,KOLTEPATIL,KPRMILL,KSCL,KSCL,KRBL,KTKBANK,KARURVYSYA,KAJARIACER,KRBL,KRBL,KALPATPOWR,KALPATPOWR
KESORAMIND,KITEX,KPRMILL,KSK,KOTAKBANK,KRBL,KEC,KEC,KAJARIACER,KARURVYSYA,KSCL,KALPATPOWR,KSB,KSB,KALYANKJIL,KALYANKJIL
KKCL,KKCL,KSBPUMPS,KTKBANK,KPIT,KSBPUMPS,KESORAMIND,KESORAMIND,KALPATPOWR,KSCL,KEC,KANSAINER,KAJARIACER,KAJARIACER,KANSAINER,KANSAINER
KOLTEPATIL,KOLTEPATIL,KSCL,L&TFH,KPRMILL,KSCL,KITEX,KITEX,KANSAINER,KEC,KIRLOSENG,KTKBANK,KALPATPOWR,KALPATPOWR,KARURVYSYA,KARURVYSYA
KOTAKBANK,KOTAKBANK,KSK,LAKSHVILAS,KRBL,KTKBANK,KOLTEPATIL,KOLTEPATIL,KTKBANK,KOLTEPATIL,KOLTEPATIL,KARURVYSYA,KANSAINER,KANSAINER,KSCL,KSCL
KPIT,KPIT,KTKBANK,LAOPALA,KSCL,KWALITY,KOTAKBANK,KOTAKBANK,KARURVYSYA,KOTAKBANK,KOTAKBANK,KSCL,KTKBANK,KTKBANK,KEC,KEC
KSBPUMPS,KSBPUMPS,L&TFH,LAXMIMACH,KSK,L&TFH,KWALITY,KWALITY,KSCL,L&TFH,L&TFH,KEC,KARURVYSYA,KARURVYSYA,KOTAKBANK,KOTAKBANK
KSCL,KSCL,LAKSHVILAS,LGBBROSLTD,KTKBANK,LAKSHVILAS,L&TFH,L&TFH,KEC,LTTS,LTTS,KIRLOSENG,KSCL,KSCL,L&TFH,L&TFH
KSK,KSK,LAOPALA,LICHSGFIN,KWALITY,LALPATHLAB,LTTS,LTTS,KESORAMIND,LICHSGFIN,LICHSGFIN,KOLTEPATIL,KEC,KEC,LTTS,LTTS
KTKBANK,KTKBANK,LAXMIMACH,LINDEINDIA,L&TFH,LAOPALA,LICHSGFIN,LICHSGFIN,KITEX,LAXMIMACH,LAXMIMACH,KOTAKBANK,KOLTEPATIL,KOLTEPATIL,LICHSGFIN,LICHSGFIN
L&TFH,L&TFH,LGBBROSLTD,LITL,LAKSHVILAS,LAXMIMACH,LAXMIMACH,LAXMIMACH,KOLTEPATIL,LAKSHVILAS,LAKSHVILAS,L&TFH,KOTAKBANK,KOTAKBANK,LAOPALA,LAOPALA
LAKSHVILAS,LAKSHVILAS,LICHSGFIN,LT,LAOPALA,LICHSGFIN,LAKSHVILAS,LAKSHVILAS,KOTAKBANK,LTI,LTI,LTTS,L&TFH,L&TFH,LAXMIMACH,LAXMIMACH
LAXMIMACH,LAXMIMACH,LINDEINDIA,LUPIN,LAXMIMACH,LINDEINDIA,LTI,LTI,KWALITY,LT,LT,LICHSGFIN,LTTS,LTTS,LTI,LTI
LICHSGFIN,LICHSGFIN,LITL,M&M,LICHSGFIN,LITL,LT,LT,L&TFH,LAURUSLABS,LAURUSLABS,LAXMIMACH,LICHSGFIN,LICHSGFIN,LT,LT
LINDEINDIA,LINDEINDIA,LT,M&MFIN,LITL,LT,LAURUSLABS,LAURUSLABS,LTTS,LEMONTREE,LEMONTREE,LAKSHVILAS,LAOPALA,LAOPALA,LAURUSLABS,LAURUSLABS
LITL,LITL,LUPIN,MAGMA,LT,LUPIN,LINDEINDIA,LINDEINDIA,LICHSGFIN,LINDEINDIA,LINDEINDIA,LTI,LAXMIMACH,LAXMIMACH,LXCHEM,LXCHEM
LOVABLE,LOVABLE,M&M,MAHLIFE,LUPIN,M&M,LUPIN,LUPIN,LAXMIMACH,LUPIN,LUPIN,LT,LTI,LTI,LEMONTREE,LEMONTREE
LT,LT,M&MFIN,MAHSCOOTER,M&M,M&MFIN,MMTC,MMTC,LAKSHVILAS,LUXIND,LUXIND,LAURUSLABS,LT,LT,LINDEINDIA,LINDEINDIA
LUPIN,LUPIN,MAGMA,MAHSEAMLES,M&MFIN,MAGMA,MOIL,MOIL,LTI,MASFIN,MASFIN,LEMONTREE,LAURUSLABS,LAURUSLABS,LUPIN,LUPIN
M&M,M&M,MAHLIFE,MANDHANA,MAGMA,MAHINDCIE,MRF,MRF,LT,MMTC,MMTC,LINDEINDIA,LEMONTREE,LEMONTREE,LUXIND,LUXIND
M&MFIN,M&MFIN,MAHSCOOTER,MARICO,MAHINDCIE,MAHLIFE,MAGMA,MAGMA,LAURUSLABS,MOIL,MOIL,LUPIN,LINDEINDIA,LINDEINDIA,MMTC,MMTC
MAGMA,MAGMA,MAHSEAMLES,MARKSANS,MAHLIFE,MANAPPURAM,MGL,MGL,LUPIN,MRF,MRF,LUXIND,LUPIN,LUPIN,MOIL,MOIL
MAHINDUGIN,MAHLIFE,MANDHANA,MARUTI,MANAPPURAM,MANPASAND,MTNL,MTNL,MASFIN,MAGMA,MAGMA,MASFIN,LUXIND,LUXIND,MRF,MRF
MAHLIFE,MAHSCOOTER,MANGCHEFER,MAYURUNIQ,MANPASAND,MARICO,M&MFIN,M&MFIN,MMTC,MGL,MGL,MMTC,MASFIN,MASFIN,LODHA,LODHA
MAHSCOOTER,MAHSEAMLES,MARICO,MBLINFRA,MARICO,MARKSANS,M&M,M&M,MOIL,M&MFIN,MAHSCOOTER,MOIL,MMTC,MMTC,MGL,MGL
MAHSEAMLES,MANDHANA,MARKSANS,MCDOWELL-N,MARKSANS,MARUTI,MAHINDCIE,MAHINDCIE,MRF,M&M,MAHSEAMLES,MRF,MOIL,MOIL,M&MFIN,M&MFIN
MANDHANA,MANGCHEFER,MARUTI,MCLEODRUSS,MARUTI,MAYURUNIQ,MHRIL,MHRIL,MAGMA,MAHINDCIE,M&MFIN,MAGMA,MRF,MRF,M&M,M&M
MANGCHEFER,MARICO,MAX,MERCATOR,MAYURUNIQ,MCDOWELL-N,MANAPPURAM,MANAPPURAM,MGL,MHRIL,M&M,MGL,MGL,MGL,MAHINDCIE,MAHINDCIE
MANINDS,MARUTI,MAYURUNIQ,MERCK,MCDOWELL-N,MCLEODRUSS,MRPL,MRPL,MTNL,MAHLOG,MAHINDCIE,MAHSCOOTER,MAHSCOOTER,MAHSCOOTER,MHRIL,MHRIL
MANINFRA,MASTEK,MBLINFRA,METALFORGE,MCLEODRUSS,MERCK,MANPASAND,MANPASAND,M&MFIN,MANAPPURAM,MHRIL,MAHSEAMLES,MAHSEAMLES,MAHSEAMLES,MAHLOG,MAHLOG
MARUTI,MAX,MCDOWELL-N,MHRIL,MERCK,MFSL,MARICO,MARICO,M&M,MRPL,MAHLOG,M&MFIN,M&MFIN,M&MFIN,MANAPPURAM,MANAPPURAM
MASTEK,MCLEODRUSS,MCLEODRUSS,MINDTREE,MHRIL,MHRIL,MARKSANS,MARKSANS,MAHINDCIE,MANPASAND,MANAPPURAM,M&M,M&M,M&M,MRPL,MRPL
MAX,MERCATOR,MERCATOR,MMTC,MINDACORP,MINDTREE,MARUTI,MARUTI,MHRIL,MARICO,MRPL,MAHINDCIE,MHRIL,MHRIL,MARICO,MARICO
MCDOWELL-N,MERCK,MERCK,MOIL,MINDTREE,MMTC,MFSL,MFSL,MANAPPURAM,MARUTI,MARICO,MHRIL,MAHLOG,MAHLOG,MARUTI,MARUTI
MCLEODRUSS,MHRIL,MHRIL,MONSANTO,MMTC,MOIL,MAXINDIA,MAXINDIA,MRPL,MFSL,MARUTI,MAHLOG,MANAPPURAM,MANAPPURAM,MASTEK,MASTEK
MERCATOR,MINDTREE,MINDTREE,MOTHERSUMI,MOIL,MONSANTO,MCLEODRUSS,MCLEODRUSS,MANPASAND,MAXINDIA,MFSL,MANAPPURAM,MRPL,MRPL,MFSL,MFSL
MERCK,MMTC,MMTC,MOTILALOFS,MONSANTO,MOTHERSUMI,MERCK,MERCK,MARICO,MCLEODRUSS,MAXINDIA,MRPL,MARICO,MARICO,MAXHEALTH,MAXHEALTH
MHRIL,MOIL,MOIL,MPHASIS,MOTHERSUMI,MOTILALOFS,MINDTREE,MINDTREE,MARKSANS,MERCK,MERCK,MARICO,MARUTI,MARUTI,MAZDOCK,MAZDOCK
MINDTREE,MONNETISPA,MONNETISPA,MRF,MOTILALOFS,MPHASIS,MINDACORP,MINDACORP,MARUTI,MINDTREE,MINDTREE,MARUTI,MFSL,MFSL,METROPOLIS,METROPOLIS
MMTC,MONSANTO,MONSANTO,MRPL,MPHASIS,MRF,MINDAIND,MINDAIND,MFSL,MINDACORP,MINDACORP,MFSL,METROPOLIS,METROPOLIS,MINDTREE,MINDTREE
MOIL,MOTHERSUMI,MOTHERSUMI,MTEDUCARE,MRF,MRPL,MONSANTO,MONSANTO,MAXINDIA,MINDAIND,MINDAIND,MAXINDIA,MINDTREE,MINDTREE,MINDACORP,MINDACORP
MONNETISPA,MOTILALOFS,MOTILALOFS,MUNJALSHOW,MRPL,MTNL,MOTHERSUMI,MOTHERSUMI,MCLEODRUSS,MONSANTO,MONSANTO,METROPOLIS,MINDACORP,MINDACORP,MINDAIND,MINDAIND
MONSANTO,MPHASIS,MPHASIS,MUTHOOTFIN,MTNL,MUTHOOTFIN,MOTILALOFS,MOTILALOFS,MERCK,MOTHERSUMI,MOTHERSUMI,MINDTREE,MINDAIND,MINDAIND,MIDHANI,MIDHANI
MOTHERSUMI,MRF,MRF,NATCOPHARM,MUTHOOTFIN,MYSOREBANK,MPHASIS,MPHASIS,MINDTREE,MOTILALOFS,MOTILALOFS,MINDACORP,MIDHANI,MIDHANI,MOTILALOFS,MOTILALOFS
MOTILALOFS,MRPL,MRPL,NATIONALUM,NATCOPHARM,NATCOPHARM,MUTHOOTFIN,MUTHOOTFIN,MINDACORP,MPHASIS,MPHASIS,MINDAIND,MOTHERSUMI,MOTHERSUMI,MPHASIS,MPHASIS
MPHASIS,MTEDUCARE,MTEDUCARE,NAUKRI,NATIONALUM,NATIONALUM,NATCOPHARM,NATCOPHARM,MINDAIND,MUTHOOTFIN,MUTHOOTFIN,MOTHERSUMI,MOTILALOFS,MOTILALOFS,MCX,MCX
MRF,MUTHOOTFIN,MUNJALSHOW,NAVNETEDUL,NAUKRI,NAUKRI,NBCC,NBCC,MOTHERSUMI,NATCOPHARM,NATCOPHARM,MOTILALOFS,MPHASIS,MPHASIS,MUTHOOTFIN,MUTHOOTFIN
MRPL,NATIONALUM,MUTHOOTFIN,NBCC,NAVKARCORP,NAVINFLUOR,NCC,NCC,MOTILALOFS,NBCC,NBCC,MPHASIS,MCX,MCX,NATCOPHARM,NATCOPHARM
MTEDUCARE,NAUKRI,NATIONALUM,NBVENTURES,NBCC,NAVKARCORP,NHPC,NHPC,MPHASIS,NCC,NCC,MCX,MUTHOOTFIN,MUTHOOTFIN,NBCC,NBCC
MUTHOOTFIN,NAVNETEDUL,NAUKRI,NCC,NCC,NBCC,NIITTECH,NIITTECH,MUTHOOTFIN,NESCO,NESCO,MUTHOOTFIN,NATCOPHARM,NATCOPHARM,NCC,NCC
NATIONALUM,NBCC,NAVNETEDUL,NDTV,NETWORK18,NCC,NLCINDIA,NLCINDIA,NATCOPHARM,NHPC,NHPC,NATCOPHARM,NBCC,NBCC,NESCO,NESCO
NAUKRI,NBVENTURES,NBCC,NETWORK18,NEYVELILIG,NETWORK18,NMDC,NMDC,NBCC,NIITTECH,NIITTECH,NBCC,NCC,NCC,NHPC,NHPC
NAVNETEDUL,NCC,NBVENTURES,NEYVELILIG,NHPC,NH,NTPC,NTPC,NCC,NLCINDIA,NLCINDIA,NCC,NESCO,NESCO,NLCINDIA,NLCINDIA
NBCC,NETWORK18,NCC,NHPC,NIITTECH,NHPC,NH,NH,NESCO,NMDC,NMDC,NESCO,NHPC,NHPC,NMDC,NMDC
NBVENTURES,NEYVELILIG,NDTV,NIITLTD,NITINFIRE,NIITTECH,NATIONALUM,NATIONALUM,NHPC,NTPC,NTPC,NHPC,NLCINDIA,NLCINDIA,NOCIL,NOCIL
NCC,NHPC,NETWORK18,NIITTECH,NMDC,NILKAMAL,NFL,NFL,NIITTECH,NH,NH,NIITTECH,NMDC,NMDC,NTPC,NTPC
NETWORK18,NIITLTD,NEYVELILIG,NITINFIRE,NTPC,NITINFIRE,NBVENTURES,NBVENTURES,NLCINDIA,NATIONALUM,NATIONALUM,NLCINDIA,NOCIL,NOCIL,NH,NH
NEYVELILIG,NIITTECH,NHPC,NMDC,OBEROIRLTY,NLCINDIA,NAVINFLUOR,NAVINFLUOR,NMDC,NFL,NFL,NMDC,NTPC,NTPC,NATIONALUM,NATIONALUM
NHPC,NITINFIRE,NIITLTD,NOCIL,OFSS,NMDC,NAVKARCORP,NAVKARCORP,NTPC,NBVENTURES,NBVENTURES,NTPC,NH,NH,NFL,NFL
NIITLTD,NMDC,NIITTECH,NOIDATOLL,OIL,NTPC,NAVNETEDUL,NAVNETEDUL,NH,NAVINFLUOR,NAVINFLUOR,NH,NATIONALUM,NATIONALUM,NAVINFLUOR,NAVINFLUOR
NIITTECH,NOCIL,NITINFIRE,NTPC,OMAXE,OBEROIRLTY,NETWORK18,NETWORK18,NATIONALUM,NAVKARCORP,NETWORK18,NATIONALUM,NFL,NFL,NAZARA,NAZARA
NMDC,NOIDATOLL,NMDC,OBEROIRLTY,ONGC,OCL,NILKAMAL,NILKAMAL,NFL,NETWORK18,NILKAMAL,NFL,NAVINFLUOR,NAVINFLUOR,NESTLEIND,NESTLEIND
NOIDATOLL,NTPC,NOCIL,OFSS,ORIENTBANK,OFSS,OBEROIRLTY,OBEROIRLTY,NBVENTURES,NILKAMAL,OBEROIRLTY,NBVENTURES,NAVNETEDUL,NAVNETEDUL,NETWORK18,NETWORK18
NTPC,OBEROIRLTY,NOIDATOLL,OIL,ORIENTCEM,OIL,ONGC,ONGC,NAVINFLUOR,OBEROIRLTY,ONGC,NAVINFLUOR,NESTLEIND,NESTLEIND,NILKAMAL,NILKAMAL
OBEROIRLTY,OFSS,NTPC,OMAXE,ORISSAMINE,OMAXE,OIL,OIL,NAVKARCORP,ONGC,OIL,NESTLEIND,NILKAMAL,NILKAMAL,NAM-INDIA,NAM-INDIA
OFSS,OIL,OBEROIRLTY,ONGC,PAGEIND,ONGC,OMAXE,OMAXE,NETWORK18,OIL,OMAXE,NETWORK18,NAM-INDIA,NAM-INDIA,OBEROIRLTY,OBEROIRLTY
OIL,OMAXE,OFSS,OPTOCIRCUI,PARSVNATH,ORIENTBANK,OFSS,OFSS,NILKAMAL,OMAXE,OFSS,NILKAMAL,OBEROIRLTY,OBEROIRLTY,ONGC,ONGC
OMAXE,ONGC,OIL,ORIENTBANK,PCJEWELLER,ORIENTCEM,ORIENTCEM,ORIENTCEM,OBEROIRLTY,OFSS,ORIENTCEM,OBEROIRLTY,ONGC,ONGC,OIL,OIL
ONGC,OPTOCIRCUI,OMAXE,ORIENTCEM,PEL,ORISSAMINE,ORIENTBANK,ORIENTBANK,ONGC,ORIENTCEM,ORIENTELEC,ONGC,OIL,OIL,OFSS,OFSS
OPTOCIRCUI,ORCHIDCHEM,ONGC,ORISSAMINE,PERSISTENT,PAGEIND,PCJEWELLER,PCJEWELLER,OIL,ORIENTBANK,ORIENTBANK,OIL,OMAXE,OMAXE,ORIENTELEC,ORIENTELEC
ORBITCORP,ORIENTBANK,OPTOCIRCUI,PAGEIND,PETRONET,PCJEWELLER,PIIND,PIIND,OMAXE,PCJEWELLER,PCJEWELLER,OMAXE,OFSS,OFSS,PIIND,PIIND
ORCHIDCHEM,ORISSAMINE,ORCHIDCHEM,PARSVNATH,PFC,PEL,PNBHOUSING,PNBHOUSING,OFSS,PIIND,PIIND,OFSS,ORIENTCEM,ORIENTCEM,PNBHOUSING,PNBHOUSING
ORIENTBANK,PAGEIND,ORIENTBANK,PATELENG,PFIZER,PERSISTENT,PNCINFRA,PNCINFRA,ORIENTCEM,PNBHOUSING,PNBHOUSING,ORIENTCEM,ORIENTELEC,ORIENTELEC,PNCINFRA,PNCINFRA
ORISSAMINE,PARSVNATH,ORISSAMINE,PEL,PFS,PETRONET,PFS,PFS,ORIENTBANK,PNCINFRA,PNCINFRA,ORIENTELEC,ORIENTREF,ORIENTREF,PVR,PVR
PAGEIND,PATELENG,PAGEIND,PENIND,PGHH,PFC,PTC,PTC,PCJEWELLER,PFS,PTC,ORIENTREF,PIIND,PIIND,PAGEIND,PAGEIND
PARSVNATH,PEL,PARSVNATH,PENINLAND,PHOENIXLTD,PFIZER,PVR,PVR,PIIND,PTC,PVR,ORIENTBANK,PNBHOUSING,PNBHOUSING,PERSISTENT,PERSISTENT
PATELENG,PENINLAND,PATELENG,PERSISTENT,PIDILITIND,PFS,PAGEIND,PAGEIND,PNBHOUSING,PVR,PAGEIND,PCJEWELLER,PNCINFRA,PNCINFRA,PETRONET,PETRONET
PEL,PERSISTENT,PEL,PETRONET,PIIND,PGHH,PARAGMILK,PARAGMILK,PNCINFRA,PAGEIND,PARAGMILK,PIIND,PSPPROJECT,PSPPROJECT,PFIZER,PFIZER
PENINLAND,PETRONET,PENIND,PFC,PNB,PHOENIXLTD,PERSISTENT,PERSISTENT,PFS,PARAGMILK,PERSISTENT,PNBHOUSING,PTC,PTC,PHILIPCARB,PHILIPCARB
PERSISTENT,PFC,PENINLAND,PFIZER,PNCINFRA,PIDILITIND,PETRONET,PETRONET,PTC,PERSISTENT,PETRONET,PNCINFRA,PVR,PVR,PHOENIXLTD,PHOENIXLTD
PETRONET,PFIZER,PERSISTENT,PFS,POLARIS,PIIND,PFIZER,PFIZER,PVR,PETRONET,PFIZER,PTC,PAGEIND,PAGEIND,PIDILITIND,PIDILITIND
PFC,PFOCUS,PETRONET,PGHH,POWERGRID,PNB,PHOENIXLTD,PHOENIXLTD,PAGEIND,PFIZER,PHILIPCARB,PVR,PERSISTENT,PERSISTENT,PEL,PEL
PFIZER,PFS,PFC,PHOENIXLTD,PRAJIND,PNCINFRA,PIDILITIND,PIDILITIND,PARAGMILK,PHILIPCARB,PHOENIXLTD,PAGEIND,PETRONET,PETRONET,POLYMED,POLYMED
PFOCUS,PGHH,PFIZER,PIDILITIND,PRESTIGE,POLARIS,PEL,PEL,PERSISTENT,PHOENIXLTD,PIDILITIND,PARAGMILK,PFIZER,PFIZER,POLYCAB,POLYCAB
PFS,PHOENIXLTD,PFS,PIIND,PRISMCEM,POWERGRID,POLARIS,POLARIS,PETRONET,PIDILITIND,PEL,PERSISTENT,PHILIPCARB,PHILIPCARB,POLYPLEX,POLYPLEX
PGHH,PIDILITIND,PGHH,PIPAVAVDOC,PTC,PRAJIND,PFC,PFC,PFIZER,PEL,PFC,PETRONET,PHOENIXLTD,PHOENIXLTD,POONAWALLA,POONAWALLA
PHOENIXLTD,PIIND,PHOENIXLTD,PNB,PUNJLLOYD,PRESTIGE,POWERGRID,POWERGRID,PHOENIXLTD,PFC,POWERGRID,PFIZER,PIDILITIND,PIDILITIND,PFC,PFC
PIDILITIND,PIPAVAVDOC,PIDILITIND,PNCINFRA,PURVA,PRISMCEM,PRAJIND,PRAJIND,PIDILITIND,POWERGRID,PRAJIND,PHILIPCARB,PEL,PEL,POWERGRID,POWERGRID
PIIND,PNB,PIIND,POWERGRID,PVR,PTC,PRESTIGE,PRESTIGE,PEL,PRAJIND,PRESTIGE,PHOENIXLTD,POLYMED,POLYMED,PRAJIND,PRAJIND
PIPAVAVDOC,POWERGRID,PIPAVAVDOC,PRAJIND,RADICO,PUNJLLOYD,PRISMCEM,PRISMCEM,PFC,PRESTIGE,PRSMJOHNSN,PIDILITIND,POLYCAB,POLYCAB,PRESTIGE,PRESTIGE
PNB,PRAJIND,PNB,PRAKASH,RAIN,PVR,PGHH,PGHH,POWERGRID,PRSMJOHNSN,PGHH,PEL,POLYPLEX,POLYPLEX,PRINCEPIPE,PRINCEPIPE
POLARIS,PRAKASH,POWERGRID,PRESTIGE,RAJESHEXPO,RADICO,PNB,PNB,PRAJIND,PGHH,PNB,POLYCAB,PFC,PFC,PRSMJOHNSN,PRSMJOHNSN
POWERGRID,PRESTIGE,PRAJIND,PRISMCEM,RALLIS,RAIN,QUESS,QUESS,PRESTIGE,PNB,QUESS,PFC,POWERGRID,POWERGRID,PGHL,PGHL
PRAJIND,PRISMCEM,PRAKASH,PTC,RAMCOCEM,RAJESHEXPO,RBLBANK,RBLBANK,PRISMCEM,QUESS,RBLBANK,POWERGRID,PRAJIND,PRAJIND,PGHH,PGHH
PRAKASH,PTC,PRESTIGE,PUNJLLOYD,RAMCOSYS,RALLIS,RADICO,RADICO,PGHH,RBLBANK,RECLTD,PRAJIND,PRESTIGE,PRESTIGE,PNB,PNB
PRESTIGE,PUNJLLOYD,PRISMCEM,PURVA,RATNAMANI,RAMCOCEM,RAIN,RAIN,PNB,RECLTD,RITES,PRESTIGE,PRSMJOHNSN,PRSMJOHNSN,QUESS,QUESS
PRISMCEM,PURVA,PTC,PVR,RAYMOND,RAMCOSYS,RAJESHEXPO,RAJESHEXPO,QUESS,RADICO,RADICO,PRSMJOHNSN,PGHL,PGHL,RBLBANK,RBLBANK
PTC,PVR,PUNJLLOYD,RADICO,RCF,RAYMOND,RALLIS,RALLIS,RBLBANK,RAIN,RAIN,PGHL,PGHH,PGHH,RECLTD,RECLTD
PUNJLLOYD,RADICO,PURVA,RAIN,RCOM,RCF,RAMCOSYS,RAMCOSYS,RADICO,RAJESHEXPO,RAJESHEXPO,PGHH,PNB,PNB,RHIM,RHIM
PURVA,RAIN,PVR,RAJESHEXPO,RDEL,RCOM,RKFORGE,RKFORGE,RAIN,RALLIS,RALLIS,PNB,QUESS,QUESS,RITES,RITES
PVR,RAJESHEXPO,RADICO,RALLIS,RECLTD,RDEL,RCF,RCF,RAJESHEXPO,RKFORGE,RKFORGE,QUESS,RBLBANK,RBLBANK,RADICO,RADICO
RADICO,RAJTV,RAIN,RAMCOCEM,REDINGTON,RECLTD,RTNPOWER,RTNPOWER,RALLIS,RCF,RCF,RBLBANK,RECLTD,RECLTD,RVNL,RVNL
RAJESHEXPO,RALLIS,RAJESHEXPO,RATNAMANI,RELAXO,REDINGTON,RAYMOND,RAYMOND,RAMCOSYS,RAYMOND,RAYMOND,RECLTD,RITES,RITES,RAILTEL,RAILTEL
RAJTV,RAMCOCEM,RALLIS,RAYMOND,RELCAPITAL,RELAXO,REDINGTON,REDINGTON,RKFORGE,REDINGTON,REDINGTON,RITES,RADICO,RADICO,RAIN,RAIN
RALLIS,RAMCOIND,RAMCOCEM,RCF,RELIANCE,RELCAPITAL,RCOM,RCOM,RCF,RELAXO,RELAXO,RADICO,RVNL,RVNL,RAJESHEXPO,RAJESHEXPO
RAMCOCEM,RANBAXY,RAMCOIND,RCOM,RELINFRA,RELIANCE,RELIANCE,RELIANCE,RTNPOWER,RELCAPITAL,RELCAPITAL,RVNL,RAIN,RAIN,RALLIS,RALLIS
RAMCOIND,RASOYPR,RASOYPR,RECLTD,RENUKA,RELIGARE,RELINFRA,RELINFRA,RAYMOND,RCOM,RCOM,RAIN,RAJESHEXPO,RAJESHEXPO,RCF,RCF
RANBAXY,RATNAMANI,RATNAMANI,REDINGTON,REPCOHOME,RELINFRA,RNAVAL,RNAVAL,REDINGTON,RHFL,RHFL,RAJESHEXPO,RALLIS,RALLIS,RATNAMANI,RATNAMANI
RASOYPR,RAYMOND,RAYMOND,RELCAPITAL,RIIL,RENUKA,RPOWER,RPOWER,RELAXO,RELIANCE,RELIANCE,RALLIS,RCF,RCF,REDINGTON,REDINGTON
RAYMOND,RCF,RCF,RELIANCE,RKFORGE,REPCOHOME,RELIGARE,RELIGARE,RELCAPITAL,RELINFRA,RELINFRA,RCF,RATNAMANI,RATNAMANI,RELAXO,RELAXO
RCF,RCOM,RCOM,RELIGARE,ROLTA,RIIL,REPCOHOME,REPCOHOME,RCOM,RNAVAL,RNAM,RATNAMANI,RAYMOND,RAYMOND,RELIANCE,RELIANCE
RCOM,RECLTD,RECLTD,RELINFRA,RPOWER,RKFORGE,RUPA,RUPA,RHFL,RNAM,RPOWER,RAYMOND,REDINGTON,REDINGTON,ROSSARI,ROSSARI
RECLTD,REDINGTON,REDINGTON,RENUKA,RTNPOWER,ROLTA,RECLTD,RECLTD,RELIANCE,RPOWER,REPCOHOME,REDINGTON,RELAXO,RELAXO,ROUTE,ROUTE
REDINGTON,REIAGROLTD,RELCAPITAL,REPCOHOME,RUCHISOYA,RPOWER,SHK,SHK,RELINFRA,REPCOHOME,RUPA,RELAXO,RELIANCE,RELIANCE,SBICARD,SBICARD
REIAGROLTD,RELCAPITAL,RELIANCE,RICOAUTO,SADBHAV,RTNPOWER,SJVN,SJVN,RNAVAL,RUPA,SHK,RELCAPITAL,SBICARD,SBICARD,SBILIFE,SBILIFE
RELCAPITAL,RELIANCE,RELIGARE,RIIL,SADBHIN,RUCHISOYA,SKFINDIA,SKFINDIA,RPOWER,SHK,SBILIFE,RELIANCE,SBILIFE,SBILIFE,SIS,SIS
RELIANCE,RELIGARE,RELINFRA,ROLTA,SAIL,SADBHAV,SMLISUZU,SMLISUZU,RELIGARE,SBILIFE,SJVN,RELINFRA,SJVN,SJVN,SJVN,SJVN
RELIGARE,RELINFRA,RENUKA,RPOWER,SANOFI,SAIL,SREINFRA,SREINFRA,REPCOHOME,SJVN,SKFINDIA,RNAM,SKFINDIA,SKFINDIA,SKFINDIA,SKFINDIA
RELINFRA,RENUKA,REPCOHOME,RUCHISOYA,SBBJ,SANOFI,SRF,SRF,RUPA,SKFINDIA,SREINFRA,RPOWER,SRF,SRF,SRF,SRF
RENUKA,REPCOHOME,RIIL,SADBHAV,SBIN,SBBJ,SADBHAV,SADBHAV,RECLTD,SREINFRA,SRF,REPCOHOME,SANOFI,SANOFI,SANOFI,SANOFI
RIIL,RIIL,ROLTA,SAIL,SCHNEIDER,SBIN,SANOFI,SANOFI,SHK,SRF,SADBHAV,SHK,SCHAEFFLER,SCHAEFFLER,SCHAEFFLER,SCHAEFFLER
ROLTA,ROLTA,RPOWER,SANOFI,SCI,SBT,SCHAEFFLER,SCHAEFFLER,SBILIFE,SADBHAV,SANOFI,SBILIFE,SCHNEIDER,SCHNEIDER,SCHNEIDER,SCHNEIDER
RPOWER,RPOWER,RTNPOWER,SBBJ,SHARDACROP,SCHNEIDER,SCHNEIDER,SCHNEIDER,SJVN,SADBHIN,SCHAEFFLER,SJVN,SIS,SIS,SEQUENT,SEQUENT
RUCHISOYA,RUCHISOYA,RUCHISOYA,SBIN,SHILPAMED,SCI,SHARDACROP,SHARDACROP,SKFINDIA,SANOFI,SIS,SKFINDIA,SEQUENT,SEQUENT,SHARDACROP,SHARDACROP
SADBHAV,SADBHAV,SADBHAV,SBT,SHK,SEQUENT,SFL,SFL,SMLISUZU,SCHAEFFLER,SHANKARA,SRF,SFL,SFL,SFL,SFL
SAIL,SAIL,SAIL,SCI,SHOPERSTOP,SFCL,SHILPAMED,SHILPAMED,SREINFRA,SIS,SHARDACROP,SADBHAV,SHILPAMED,SHILPAMED,SHILPAMED,SHILPAMED
SANOFI,SANOFI,SANOFI,SEINV,SHREECEM,SHARDACROP,SHILPI,SHILPI,SRF,SHANKARA,SFL,SANOFI,SCI,SCI,SCI,SCI
SBBJ,SBBJ,SBBJ,SHANTIGEAR,SHRIRAMCIT,SHILPAMED,SCI,SCI,SADBHAV,SHILPAMED,SHILPAMED,SCHAEFFLER,SHOPERSTOP,SHOPERSTOP,SHREECEM,SHREECEM
SBIN,SBIN,SBIN,SHOPERSTOP,SIEMENS,SHK,SHOPERSTOP,SHOPERSTOP,SADBHIN,SCI,SCI,SIS,SHREECEM,SHREECEM,SHRIRAMCIT,SHRIRAMCIT
SBT,SBT,SBT,SHREECEM,SIMPLEXINF,SHOPERSTOP,SHREECEM,SHREECEM,SANOFI,SHOPERSTOP,SHOPERSTOP,SFL,SHRIRAMCIT,SHRIRAMCIT,SRTRANSFIN,SRTRANSFIN
SCI,SCI,SCI,SHRENUJ,SINTEX,SHREECEM,RENUKA,RENUKA,SCHAEFFLER,SHREECEM,SHREECEM,SHILPAMED,SRTRANSFIN,SRTRANSFIN,SIEMENS,SIEMENS
SEINV,SEINV,SEINV,SHRIRAMCIT,SITICABLE,SHRIRAMCIT,SHRIRAMCIT,SHRIRAMCIT,SIS,RENUKA,RENUKA,SHOPERSTOP,SIEMENS,SIEMENS,SOBHA,SOBHA
SHANTIGEAR,SHANTIGEAR,SHANTIGEAR,SIEMENS,SJVN,SIEMENS,SRTRANSFIN,SRTRANSFIN,SHANKARA,SHRIRAMCIT,SHRIRAMCIT,SHREECEM,SOBHA,SOBHA,SOLARINDS,SOLARINDS
SHASUNPHAR,SHASUNPHAR,SHOPERSTOP,SIMPLEXINF,SKFINDIA,SIMPLEXINF,SIEMENS,SIEMENS,SFL,SRTRANSFIN,SRTRANSFIN,RENUKA,SOLARINDS,SOLARINDS,SOLARA,SOLARA
SHOPERSTOP,SHOPERSTOP,SHREECEM,SINTEX,SKSMICRO,SINTEX,SNOWMAN,SNOWMAN,SCI,SIEMENS,SIEMENS,SHRIRAMCIT,SOLARA,SOLARA,SONACOMS,SONACOMS
SHREECEM,SHREECEM,SHRENUJ,SITICABLE,SMLISUZU,SITINET,SOBHA,SOBHA,SHOPERSTOP,SPTL,SPTL,SRTRANSFIN,SONATSOFTW,SONATSOFTW,SONATSOFTW,SONATSOFTW
SHRENUJ,SHRENUJ,SHRIRAMCIT,SKFINDIA,SNOWMAN,SJVN,SOLARINDS,SOLARINDS,SHREECEM,SOBHA,SOBHA,SIEMENS,SOUTHBANK,SOUTHBANK,SPANDANA,SPANDANA
SHRIRAMCIT,SHRIRAMCIT,SIEMENS,SKSMICRO,SOBHA,SKFINDIA,SOMANYCERA,SOMANYCERA,RENUKA,SOLARINDS,SOLARINDS,SOBHA,SPICEJET,SPICEJET,SPICEJET,SPICEJET
SIEMENS,SIEMENS,SIMPLEXINF,SOBHA,SOLARINDS,SMLISUZU,SONATSOFTW,SONATSOFTW,SHRIRAMCIT,SONATSOFTW,SONATSOFTW,SOLARINDS,STARCEMENT,STARCEMENT,STARCEMENT,STARCEMENT
SIMPLEXINF,SIMPLEXINF,SINTEX,SONASTEER,SOMANYCERA,SNOWMAN,SOUTHBANK,SOUTHBANK,SRTRANSFIN,SOUTHBANK,SOUTHBANK,SONATSOFTW,SBIN,SBIN,SBIN,SBIN
SINTEX,SINTEX,SKFINDIA,SONATSOFTW,SONATSOFTW,SOBHA,SBIN,SBIN,SIEMENS,STARCEMENT,STARCEMENT,SOUTHBANK,SAIL,SAIL,SAIL,SAIL
SKFINDIA,SKFINDIA,SKSMICRO,SOUTHBANK,SOUTHBANK,SOLARINDS,SAIL,SAIL,SPTL,SBIN,SBIN,STARCEMENT,SWSOLAR,SWSOLAR,SWSOLAR,SWSOLAR
SKSMICRO,SKSMICRO,SOBHA,SPARC,SPARC,SOMANYCERA,STRTECH,STRTECH,SOBHA,SAIL,SAIL,SBIN,STLTECH,STLTECH,STLTECH,STLTECH
SKUMARSYNF,SOBHA,SONASTEER,SREINFRA,SREINFRA,SONATSOFTW,STAR,STAR,SOLARINDS,STRTECH,STRTECH,SAIL,STAR,STAR,STAR,STAR
SOBHA,SONASTEER,SONATSOFTW,SRF,SRF,SOUTHBANK,SUDARSCHEM,SUDARSCHEM,SONATSOFTW,STAR,STAR,STRTECH,SUDARSCHEM,SUDARSCHEM,SUDARSCHEM,SUDARSCHEM
SONASTEER,SONATSOFTW,SOUTHBANK,SRIPIPES,SRTRANSFIN,SPARC,SPARC,SPARC,SOUTHBANK,SUDARSCHEM,SUDARSCHEM,STAR,SUMICHEM,SUMICHEM,SUMICHEM,SUMICHEM
SONATSOFTW,SOUTHBANK,SPARC,SRTRANSFIN,STAR,SREINFRA,SUNPHARMA,SUNPHARMA,STARCEMENT,SPARC,SPARC,SUDARSCHEM,SPARC,SPARC,SPARC,SPARC
SOUTHBANK,SPARC,SREINFRA,STAR,STCINDIA,SRF,SUNTV,SUNTV,SBIN,SUNPHARMA,SUNPHARMA,SPARC,SUNPHARMA,SUNPHARMA,SUNPHARMA,SUNPHARMA
SPARC,SREINFRA,SRF,STRTECH,SUNDARMFIN,SRTRANSFIN,SUNDARMFIN,SUNDARMFIN,SAIL,SUNTV,SUNTV,SUNPHARMA,SUNTV,SUNTV,SUNTV,SUNTV
SREINFRA,SRF,SRTRANSFIN,SUNDARMFIN,SUNDRMFAST,STAR,SUNDRMFAST,SUNDRMFAST,STRTECH,SUNDARMFIN,SUNCLAYLTD,SUNTV,SUNDARMFIN,SUNDARMFIN,SUNDARMFIN,SUNDARMFIN
SRF,SRTRANSFIN,SSLT,SUNDRMFAST,SUNPHARMA,STCINDIA,SUNTECK,SUNTECK,SUDARSCHEM,SUNDRMFAST,SUNDARMFIN,SUNCLAYLTD,SUNDRMFAST,SUNDRMFAST,SUNDRMFAST,SUNDRMFAST
SRTRANSFIN,SSLT,STAR,SUNPHARMA,SUNTECK,SUNDARMFIN,SUPRAJIT,SUPRAJIT,SPARC,SUNTECK,SUNDRMFAST,SUNDARMFIN,SUNTECK,SUNTECK,SUNTECK,SUNTECK
SSLT,STAR,STRTECH,SUNTECK,SUNTV,SUNDRMFAST,SUPREMEIND,SUPREMEIND,SUNPHARMA,SUPREMEIND,SUNTECK,SUNDRMFAST,SUPRAJIT,SUPRAJIT,SUPRAJIT,SUPRAJIT
STAR,STRTECH,SUNDARMFIN,SUNTV,SUPREMEIND,SUNPHARMA,SUPPETRO,SUPPETRO,SUNTV,SUVEN,SUPRAJIT,SUNTECK,SUPREMEIND,SUPREMEIND,SUPREMEIND,SUPREMEIND
STRTECH,SUNDARMFIN,SUNDRMFAST,SUPPETRO,SUVEN,SUNTECK,SUVEN,SUVEN,SUNDRMFAST,SUZLON,SUPREMEIND,SUPRAJIT,SUPPETRO,SUPPETRO,SUPPETRO,SUPPETRO
SUNDARMFIN,SUNDRMFAST,SUNPHARMA,SUPREMEIND,SUZLON,SUNTV,SUZLON,SUZLON,SUNTECK,SWANENERGY,SUVEN,SUPREMEIND,SUVENPHAR,SUVENPHAR,SUVENPHAR,SUVENPHAR
SUNDRMFAST,SUNPHARMA,SUNTECK,SUPREMEINF,SWANENERGY,SUPRAJIT,SWANENERGY,SWANENERGY,SUPREMEIND,SYMPHONY,SUZLON,SUVEN,SUZLON,SUZLON,SUZLON,SUZLON
SUNPHARMA,SUNTECK,SUNTV,SUVEN,SYMPHONY,SUPREMEIND,SYMPHONY,SYMPHONY,SUVEN,SYNDIBANK,SWANENERGY,SUZLON,SWANENERGY,SWANENERGY,SYMPHONY,SYMPHONY
SUNTECK,SUNTV,SUPPETRO,SUZLON,SYNDIBANK,SUVEN,SYNDIBANK,SYNDIBANK,SUZLON,SYNGENE,SYMPHONY,SWANENERGY,SWARAJENG,SWARAJENG,SYNGENE,SYNGENE
SUNTV,SUPPETRO,SUPREMEIND,SWANENERGY,SYNGENE,SUZLON,SYNGENE,SYNGENE,SWANENERGY,TIFIN,SYNDIBANK,SYMPHONY,SYMPHONY,SYMPHONY,TCIEXP,TCIEXP
SUPPETRO,SUPREMEIND,SUPREMEINF,SWARAJENG,TAKE,SWANENERGY,TTKPRESTIG,TTKPRESTIG,SYMPHONY,TTKPRESTIG,SYNGENE,SYNDIBANK,SYNGENE,SYNGENE,TCNSBRANDS,TCNSBRANDS
SUPREMEIND,SUPREMEINF,SUVEN,SYMPHONY,TATACHEM,SYMPHONY,TVTODAY,TVTODAY,SYNDIBANK,TVTODAY,TCNSBRANDS,SYNGENE,TCIEXP,TCIEXP,TTKPRESTIG,TTKPRESTIG
SUPREMEINF,SUZLON,SUZLON,SYNDIBANK,TATACOFFEE,SYNDIBANK,TV18BRDCST,TV18BRDCST,SYNGENE,TV18BRDCST,TTKPRESTIG,TCIEXP,TCNSBRANDS,TCNSBRANDS,TV18BRDCST,TV18BRDCST
SUZLON,SWANENERGY,SWANENERGY,TATACHEM,TATACOMM,SYNGENE,TVSMOTOR,TVSMOTOR,TIFIN,TVSMOTOR,TVTODAY,TCNSBRANDS,TTKPRESTIG,TTKPRESTIG,TVSMOTOR,TVSMOTOR
SWANENERGY,SWARAJENG,SWARAJENG,TATACOFFEE,TATAELXSI,TAKE,TVSSRICHAK,TVSSRICHAK,TTKPRESTIG,TVSSRICHAK,TV18BRDCST,TTKPRESTIG,TVTODAY,TVTODAY,TANLA,TANLA
SWARAJENG,SYNDIBANK,SYNDIBANK,TATACOMM,TATAGLOBAL,TATACHEM,TAKE,TAKE,TVTODAY,TAKE,TVSMOTOR,TVTODAY,TV18BRDCST,TV18BRDCST,TASTYBITE,TASTYBITE
SYNDIBANK,TATACHEM,TATACHEM,TATAELXSI,TATAMOTORS,TATACOFFEE,TNPL,TNPL,TV18BRDCST,TNPL,TAKE,TV18BRDCST,TVSMOTOR,TVSMOTOR,TATACHEM,TATACHEM
TATACHEM,TATACOFFEE,TATACOFFEE,TATAGLOBAL,TATAMTRDVR,TATACOMM,TATACHEM,TATACHEM,TVSMOTOR,TATACHEM,TNPL,TVSMOTOR,TASTYBITE,TASTYBITE,TATACOFFEE,TATACOFFEE
TATACOFFEE,TATACOMM,TATACOMM,TATAINVEST,TATAPOWER,TATAELXSI,TATACOFFEE,TATACOFFEE,TVSSRICHAK,TATACOFFEE,TATACHEM,TAKE,TATACHEM,TATACHEM,TATACOMM,TATACOMM
TATACOMM,TATAELXSI,TATAELXSI,TATAMOTORS,TATASPONGE,TATAGLOBAL,TATACOMM,TATACOMM,TAKE,TCS,TATACOFFEE,TATACHEM,TATACOFFEE,TATACOFFEE,TCS,TCS
TATAELXSI,TATAGLOBAL,TATAGLOBAL,TATAPOWER,TATASTEEL,TATAMOTORS,TCS,TCS,TNPL,TATAELXSI,TCS,TCS,TATACOMM,TATACOMM,TATACONSUM,TATACONSUM
TATAGLOBAL,TATAINVEST,TATAINVEST,TATASPONGE,TBZ,TATAMTRDVR,TATAELXSI,TATAELXSI,TATACHEM,TATAGLOBAL,TATAELXSI,TATAELXSI,TCS,TCS,TATAELXSI,TATAELXSI
TATAINVEST,TATAMOTORS,TATAMOTORS,TATASTEEL,TCS,TATAPOWER,TATAGLOBAL,TATAGLOBAL,TATACOFFEE,TATAINVEST,TATAGLOBAL,TATAGLOBAL,TATACONSUM,TATACONSUM,TATAMTRDVR,TATAMTRDVR
TATAMOTORS,TATAPOWER,TATAPOWER,TBZ,TECHM,TATASPONGE,TATAINVEST,TATAINVEST,TATACOMM,TATAMTRDVR,TATAINVEST,TATAINVEST,TATAELXSI,TATAELXSI,TATAMOTORS,TATAMOTORS
TATAPOWER,TATASPONGE,TATASPONGE,TCS,TECHNO,TATASTEEL,TATAMTRDVR,TATAMTRDVR,TCS,TATAMOTORS,TATAMTRDVR,TATAMTRDVR,TATAINVEST,TATAINVEST,TATAPOWER,TATAPOWER
TATASPONGE,TATASTEEL,TATASTEEL,TDPOWERSYS,TEXRAIL,TCS,TATAMOTORS,TATAMOTORS,TATAELXSI,TATAPOWER,TATAMOTORS,TATAMOTORS,TATAMTRDVR,TATAMTRDVR,TATASTLLP,TATASTLLP
TATASTEEL,TBZ,TBZ,TECHM,THERMAX,TECHM,TATAPOWER,TATAPOWER,TATAGLOBAL,TATASPONGE,TATAPOWER,TATAPOWER,TATAMOTORS,TATAMOTORS,TATASTEEL,TATASTEEL
TBZ,TCS,TCS,TECHNO,THOMASCOOK,TECHNO,TATASPONGE,TATASPONGE,TATAINVEST,TATASTEEL,TATASTEEL,TATASTEEL,TATAPOWER,TATAPOWER,TTML,TTML
TCS,TDPOWERSYS,TDPOWERSYS,THERMAX,TIDEWATER,TEXRAIL,TATASTEEL,TATASTEEL,TATAMTRDVR,TEAMLEASE,TEAMLEASE,TEAMLEASE,TATASTLBSL,TATASTLBSL,TEAMLEASE,TEAMLEASE
TDPOWERSYS,TECHM,TECHM,THOMASCOOK,TIMKEN,THERMAX,TECHM,TECHM,TATAMOTORS,TECHM,TECHM,TECHM,TATASTEEL,TATASTEEL,TECHM,TECHM
TECHM,TECHNO,TECHNO,TITAN,TITAN,THOMASCOOK,TECHNO,TECHNO,TATAPOWER,TEXRAIL,NIACL,TECHNOE,TEAMLEASE,TEAMLEASE,NIACL,NIACL
TECHNO,THERMAX,THERMAX,TNPL,TNPL,TIDEWATER,TEXRAIL,TEXRAIL,TATASPONGE,NIACL,RAMCOCEM,NIACL,TECHM,TECHM,RAMCOCEM,RAMCOCEM
THERMAX,THOMASCOOK,THOMASCOOK,TORNTPHARM,TORNTPHARM,TIMKEN,RAMCOCEM,RAMCOCEM,TATASTEEL,RAMCOCEM,THERMAX,RAMCOCEM,NIACL,NIACL,THERMAX,THERMAX
THOMASCOOK,TITAN,TITAN,TORNTPOWER,TORNTPOWER,TITAN,THERMAX,THERMAX,TECHM,THERMAX,THOMASCOOK,THERMAX,RAMCOCEM,RAMCOCEM,THYROCARE,THYROCARE
TINPLATE,TNPL,TNPL,TREEHOUSE,TREEHOUSE,TNPL,THOMASCOOK,THOMASCOOK,TECHNO,THOMASCOOK,THYROCARE,THYROCARE,THERMAX,THERMAX,TIMKEN,TIMKEN
TITAN,TORNTPHARM,TORNTPHARM,TRENT,TRENT,TORNTPHARM,THYROCARE,THYROCARE,TEXRAIL,THYROCARE,TIMETECHNO,TIMETECHNO,THYROCARE,THYROCARE,TITAN,TITAN
TNPL,TORNTPOWER,TORNTPOWER,TRIDENT,TRIDENT,TORNTPOWER,TIMETECHNO,TIMETECHNO,RAMCOCEM,TIMETECHNO,TIMKEN,TIMKEN,TIMKEN,TIMKEN,TORNTPHARM,TORNTPHARM
TORNTPHARM,TREEHOUSE,TREEHOUSE,TTKPRESTIG,TRITURBINE,TRENT,TIMKEN,TIMKEN,THERMAX,TIMKEN,TITAN,TITAN,TITAN,TITAN,TORNTPOWER,TORNTPOWER
TORNTPOWER,TRENT,TRENT,TUBEINVEST,TTKPRESTIG,TRIDENT,TITAN,TITAN,THOMASCOOK,TITAN,TORNTPHARM,TORNTPHARM,TORNTPHARM,TORNTPHARM,TRENT,TRENT
TREEHOUSE,TRIDENT,TRIDENT,TV18BRDCST,TTML,TRITURBINE,TORNTPHARM,TORNTPHARM,THYROCARE,TORNTPHARM,TORNTPOWER,TORNTPOWER,TORNTPOWER,TORNTPOWER,TRIDENT,TRIDENT
TRENT,TTKPRESTIG,TTKPRESTIG,TVSMOTOR,TUBEINVEST,TTKPRESTIG,TORNTPOWER,TORNTPOWER,TIMETECHNO,TORNTPOWER,TRENT,TRENT,TRENT,TRENT,TRITURBINE,TRITURBINE
TRIDENT,TUBEINVEST,TUBEINVEST,TVTODAY,TV18BRDCST,TUBEINVEST,TRENT,TRENT,TIMKEN,TRENT,TRIDENT,TRIDENT,TRIDENT,TRIDENT,TIINDIA,TIINDIA
TTKPRESTIG,TV18BRDCST,TV18BRDCST,UBL,TVSMOTOR,TV18BRDCST,TRIDENT,TRIDENT,TITAN,TRIDENT,TRITURBINE,TIINDIA,TIINDIA,TIINDIA,UCOBANK,UCOBANK
TUBEINVEST,TVSMOTOR,TVSMOTOR,UCOBANK,TVSSRICHAK,TVSMOTOR,UCOBANK,UCOBANK,TORNTPHARM,TIINDIA,TIINDIA,UCOBANK,UCOBANK,UCOBANK,UFLEX,UFLEX
TV18BRDCST,TVTODAY,TVTODAY,UFLEX,TVTODAY,TVSSRICHAK,UFLEX,UFLEX,TORNTPOWER,UCOBANK,UCOBANK,UFLEX,UFLEX,UFLEX,UPL,UPL
TVSMOTOR,UBL,UBL,ULTRACEMCO,UBL,TVTODAY,UPL,UPL,TRENT,UFLEX,UFLEX,UPL,UPL,UPL,UTIAMC,UTIAMC
UBL,UCOBANK,UCOBANK,UNICHEMLAB,UCOBANK,UBL,UJJIVAN,UJJIVAN,TRIDENT,UPL,UPL,UJJIVAN,UJJIVAN,UJJIVAN,UJJIVAN,UJJIVAN
UCOBANK,UFLEX,UFLEX,UNIONBANK,UFLEX,UCOBANK,ULTRACEMCO,ULTRACEMCO,UCOBANK,UJJIVAN,UJJIVAN,ULTRACEMCO,UJJIVANSFB,UJJIVANSFB,UJJIVANSFB,UJJIVANSFB
UFLEX,ULTRACEMCO,ULTRACEMCO,UNITECH,ULTRACEMCO,UFLEX,UNICHEMLAB,UNICHEMLAB,UFLEX,ULTRACEMCO,ULTRACEMCO,UNIONBANK,ULTRACEMCO,ULTRACEMCO,ULTRACEMCO,ULTRACEMCO
ULTRACEMCO,UNICHEMLAB,UNICHEMLAB,UPL,UNICHEMLAB,ULTRACEMCO,UNIONBANK,UNIONBANK,UPL,UNICHEMLAB,UNIONBANK,UBL,UNIONBANK,UNIONBANK,UNIONBANK,UNIONBANK
UNICHEMLAB,UNIONBANK,UNIONBANK,USHAMART,UNIONBANK,UNICHEMLAB,UNITECH,UNITECH,UJJIVAN,UNIONBANK,UBL,MCDOWELL-N,UBL,UBL,UBL,UBL
UNIONBANK,UNITECH,UNITECH,UTTAMSTL,UNITECH,UNIONBANK,UNITEDBNK,UNITEDBNK,ULTRACEMCO,UBL,MCDOWELL-N,VGUARD,MCDOWELL-N,MCDOWELL-N,MCDOWELL-N,MCDOWELL-N
UNITECH,UPL,UPL,VAIBHAVGBL,UPL,UNITECH,UBL,UBL,UNICHEMLAB,MCDOWELL-N,VGUARD,VMART,VGUARD,VGUARD,VGUARD,VGUARD
UPL,USHAMART,USHAMART,VAKRANGEE,VAIBHAVGBL,UPL,MCDOWELL-N,MCDOWELL-N,UNIONBANK,VGUARD,VMART,VIPIND,VMART,VMART,VMART,VMART
USHAMART,UTTAMSTL,UTTAMSTL,VEDL,VAKRANGEE,VAKRANGEE,VGUARD,VGUARD,UNITECH,VMART,VIPIND,VRLLOG,VIPIND,VIPIND,VIPIND,VIPIND
UTTAMSTL,VAIBHAVGBL,VAIBHAVGBL,VESUVIUS,VEDL,VEDL,VIPIND,VIPIND,UBL,VIPIND,VRLLOG,VSTIND,VRLLOG,VRLLOG,VAIBHAVGBL,VAIBHAVGBL
VAIBHAVGBL,VAKRANGEE,VAKRANGEE,VIDEOIND,VGUARD,VGUARD,VRLLOG,VRLLOG,MCDOWELL-N,VRLLOG,VSTIND,WABAG,VSTIND,VSTIND,VAKRANGEE,VAKRANGEE
VAKRANGEE,VENKEYS,VESUVIUS,VIJAYABANK,VIDEOIND,VIDEOIND,WABAG,WABAG,VGUARD,WABAG,WABAG,VAIBHAVGBL,VAIBHAVGBL,VAIBHAVGBL,VALIANTORG,VALIANTORG
VENKEYS,VESUVIUS,VIDEOIND,VINATIORGA,VIJAYABANK,VIJAYABANK,VAKRANGEE,VAKRANGEE,VIPIND,VAKRANGEE,VAKRANGEE,VAKRANGEE,VAKRANGEE,VAKRANGEE,VTL,VTL
VESUVIUS,VIDEOIND,VIJAYABANK,VIPIND,VINATIORGA,VINATIORGA,VTL,VTL,VRLLOG,VTL,VTL,VTL,VTL,VTL,VARROC,VARROC
VIDEOIND,VIJAYABANK,VINATIORGA,VIVIDHA,VIPIND,VIPIND,VBL,VBL,WABAG,VBL,VARROC,VARROC,VARROC,VARROC,VBL,VBL
VIJAYABANK,VIPIND,VIPIND,VOLTAS,VOLTAS,VOLTAS,VEDL,VEDL,VAKRANGEE,VEDL,VBL,VBL,VBL,VBL,VEDL,VEDL
VIPIND,VOLTAS,VOLTAS,VRLLOG,VRLLOG,VRLLOG,VESUVIUS,VESUVIUS,VTL,VENKEYS,VEDL,VEDL,VENKEYS,VENKEYS,VENKEYS,VENKEYS
VOLTAS,VSTIND,VSTIND,VSTIND,VSTIND,VSTIND,VIDEOIND,VIDEOIND,VBL,VIJAYABANK,VENKEYS,VENKEYS,VINATIORGA,VINATIORGA,VINATIORGA,VINATIORGA
VSTIND,VTL,VTL,VTL,VTL,VTL,VIJAYABANK,VIJAYABANK,VEDL,VINATIORGA,VINATIORGA,VINATIORGA,IDEA,IDEA,IDEA,IDEA
VTL,WABAG,WABAG,WABAG,WABAG,WABAG,VINATIORGA,VINATIORGA,VIJAYABANK,IDEA,IDEA,IDEA,VOLTAS,VOLTAS,VOLTAS,VOLTAS
WABCOINDIA,WABCOINDIA,WABCOINDIA,WABCOINDIA,WABCOINDIA,WABCOINDIA,VOLTAS,VOLTAS,VINATIORGA,VOLTAS,VOLTAS,VOLTAS,WABCOINDIA,WABCOINDIA,WABCOINDIA,WABCOINDIA
WELSPUNIND,WELCORP,WELCORP,WELCORP,WELCORP,WELCORP,WABCOINDIA,WABCOINDIA,VOLTAS,WABCOINDIA,WABCOINDIA,WABCOINDIA,WELCORP,WELCORP,WELCORP,WELCORP
WHIRLPOOL,WELSPUNIND,WELSPUNIND,WELSPUNIND,WELSPUNIND,WELSPUNIND,WELCORP,WELCORP,WABCOINDIA,WELCORP,WELCORP,WELCORP,WELSPUNIND,WELSPUNIND,WELSPUNIND,WELSPUNIND
WIPRO,WHEELS,WHEELS,WHEELS,WHIRLPOOL,WHIRLPOOL,WELSPUNIND,WELSPUNIND,WELCORP,WELSPUNIND,WELSPUNIND,WELSPUNIND,WESTLIFE,WESTLIFE,WESTLIFE,WESTLIFE
WOCKPHARMA,WHIRLPOOL,WHIRLPOOL,WHIRLPOOL,WIPRO,WIPRO,WHIRLPOOL,WHIRLPOOL,WELSPUNIND,WHIRLPOOL,WHIRLPOOL,WHIRLPOOL,WHIRLPOOL,WHIRLPOOL,WHIRLPOOL,WHIRLPOOL
WSTCSTPAPR,WIPRO,WIPRO,WIPRO,WOCKPHARMA,WOCKPHARMA,WIPRO,WIPRO,WHIRLPOOL,WIPRO,WIPRO,WIPRO,WIPRO,WIPRO,WIPRO,WIPRO
WYETH,WOCKPHARMA,WOCKPHARMA,WOCKPHARMA,WONDERLA,WONDERLA,WOCKPHARMA,WOCKPHARMA,WIPRO,WOCKPHARMA,WOCKPHARMA,WOCKPHARMA,WOCKPHARMA,WOCKPHARMA,WOCKPHARMA,WOCKPHARMA
YESBANK,YESBANK,YESBANK,YESBANK,YESBANK,YESBANK,YESBANK,YESBANK,WOCKPHARMA,YESBANK,YESBANK,YESBANK,YESBANK,YESBANK,YESBANK,YESBANK
ZEEL,ZEEL,ZEEL,ZEEL,ZEEL,ZEEL,ZEEL,ZEEL,YESBANK,ZEEL,ZEEL,ZEEL,ZEEL,ZEEL,ZEEL,ZEEL
ZENSARTECH,ZENSARTECH,ZENSARTECH,ZENSARTECH,ZEELEARN,ZEELEARN,ZEELEARN,ZEELEARN,ZEEL,ZENSARTECH,ZENSARTECH,ZENSARTECH,ZENSARTECH,ZENSARTECH,ZENSARTECH,ZENSARTECH
ZYDUSWELL,ZYDUSWELL,ZYDUSWELL,ZYDUSWELL,ZENSARTECH,ZENSARTECH,ZENSARTECH,ZENSARTECH,ZEELEARN,ZYDUSWELL,ZYDUSWELL,ZYDUSWELL,ZYDUSWELL,ZYDUSWELL,ZYDUSWELL,ZYDUSWELL
,,,,ZYDUSWELL,ZYDUSWELL,ECLERX,ECLERX,ECLERX,ECLERX,ECLERX,ECLERX,ECLERX,ECLERX,ECLERX,ECLERX
